Rank,Author,Solved,Penalty,1001,1002,1003,1004,1005,1006,1007,1008,1009,1010,1011
1,"team301 南京外国语学校",11,16:21:17,00:05:37,00:35:53,02:08:18,01:21:08,"00:27:04 (-2)",01:05:15,"01:12:06 (-6)","00:58:27 (-1)",02:05:30,00:26:26,"02:15:33 (-2)"
2,"team948 杭州第二中学",11,16:23:47,00:01:47,00:06:26,02:25:38,"00:36:37 (-2)",00:58:41,00:22:43,"01:24:54 (-5)",00:25:55,"02:31:00 (-3)",00:30:58,"03:19:08 (-1)"
3,"team786 绍兴一中",10,11:55:25,"00:28:35 (-2)",00:31:11,01:07:25,00:42:21,00:49:47,00:34:22,"02:00:15 (-1)",00:20:14,,"00:22:50 (-1)","02:38:25 (-3)"
4,"team1121 湖南师范大学附属中学",10,18:59:03,"00:16:37 (-3)",00:11:34,"02:08:34 (-2)","00:47:56 (-1)",01:06:42,00:30:14,"03:45:23 (-6)","01:29:27 (-1)",(-1),00:25:46,"02:56:50 (-3)"
5,"team1098 金陵中学河西分校",10,21:08:26,00:02:16,00:10:34,"01:29:09 (-1)",01:05:42,01:58:35,00:26:43,"02:37:13 (-23)",01:00:50,,00:15:39,"03:41:45 (-1)"
6,"team1063 佛山市南海区石门中学",10,21:50:26,00:03:38,"00:22:21 (-2)","03:02:39 (-3)",00:33:11,"02:06:07 (-2)",00:12:09,"02:42:58 (-1)","01:27:35 (-3)",,00:26:01,"04:53:47 (-7)"
7,"team945 杭州第二中学",10,24:18:42,00:02:33,00:11:48,"02:17:12 (-20)",00:20:09,02:53:43,"01:06:19 (-1)","02:48:53 (-3)",00:55:19,,"00:24:59 (-1)","04:37:47 (-1)"
8,"team071 北京理工大学",10,25:12:04,"00:08:26 (-1)",00:25:47,"02:06:23 (-1)","00:47:52 (-1)","02:33:32 (-2)",00:38:05,"04:31:46 (-19)",01:13:54,(-1),00:36:10,04:10:09
9,"team1056 中国人民大学附属中学",10,33:13:00,"00:07:05 (-1)",00:16:00,"02:50:44 (-1)",01:02:05,"02:47:52 (-2)",00:36:56,"02:20:02 (-33)","02:51:40 (-6)",,00:25:03,"04:15:33 (-4)"
10,"team305 南京外国语学校",10,37:35:03,00:03:53,"00:18:04 (-2)","01:03:24 (-3)",00:50:28,"02:56:10 (-5)",00:31:48,03:13:38,"03:43:16 (-18)",,00:24:23,"04:29:59 (-32)"
11,"team419 北京邮电大学",10,39:56:28,00:05:24,"00:49:29 (-1)",01:44:17,00:52:07,"03:34:24 (-8)",00:41:02,"04:55:35 (-49)","02:20:15 (-1)",,00:23:28,"04:10:27 (-2)"
12,"team297 长沙市长郡中学",9,10:25:22,00:11:26,00:37:27,00:27:36,00:13:10,"02:30:56 (-1)",00:13:40,04:10:17,01:01:29,,00:39:21,
13,"team676 南方科技大学",9,13:34:19,00:07:04,"00:27:28 (-1)",02:12:01,"01:20:25 (-2)","03:22:38 (-2)",00:34:38,02:20:13,01:12:24,,00:17:28,
14,"team028 东北大学",9,14:43:05,00:04:37,00:38:46,"02:32:44 (-1)",00:21:23,"03:26:42 (-2)",01:01:55,"03:08:26 (-1)",01:24:03,,00:44:29,(-6)
15,"team314 南京外国语学校",9,15:51:22,"00:02:53 (-1)","01:24:10 (-7)","00:15:44 (-1)","00:25:28 (-1)","01:16:42 (-1)","00:46:38 (-2)","02:59:30 (-4)",02:19:49,,00:40:28,
16,"team823 北京大学",9,16:37:38,"00:54:54 (-1)",01:07:55,"02:20:24 (-1)",01:30:06,02:36:19,01:14:19,03:20:21,01:52:27,,01:00:53,
17,"team316 南京外国语学校",9,19:48:59,00:04:23,"01:50:07 (-1)","03:41:36 (-5)",00:38:02,"02:14:18 (-1)","00:44:27 (-1)",03:19:12,"02:42:55 (-5)",,00:13:59,
18,"team944 杭州第二中学",9,21:13:39,00:06:23,"00:22:18 (-1)",(-5),00:27:03,"04:06:50 (-14)",00:36:06,04:11:31,01:14:51,,00:11:46,04:56:51
19,"team298 长沙市长郡中学",9,21:20:45,"00:11:15 (-3)","00:37:18 (-1)","03:30:21 (-11)","01:44:46 (-2)",02:17:49,00:13:26,04:46:05,01:40:35,,00:39:10,
20,"team798 衢州第二中学",9,21:21:04,"00:05:27 (-1)","01:11:23 (-3)","01:36:18 (-10)","00:55:05 (-1)","03:39:00 (-2)",01:05:47,"04:20:13 (-6)",00:37:50,,00:10:01,
21,"team849 香港中文大学（深圳）",9,21:51:24,"00:10:19 (-1)",00:43:37,04:13:50,01:28:03,"04:11:37 (-1)",01:06:08,"04:55:33 (-4)","02:13:46 (-1)",,00:28:31,
22,"team974 中山市中山纪念中学",9,22:06:46,"00:10:36 (-2)",00:55:36,01:34:55,"02:55:43 (-3)","02:29:35 (-2)",00:25:35,"03:54:58 (-4)","04:13:38 (-2)",,01:06:10,
23,"team1139 吉林大学",9,24:07:35,00:09:05,01:03:38,04:18:15,01:17:51,"03:36:11 (-8)","01:17:21 (-2)","03:37:52 (-8)","01:58:05 (-1)",,00:29:17,
24,"team183 南京大学",9,25:54:58,00:05:32,"00:38:30 (-1)","03:15:47 (-3)",01:02:47,"01:40:38 (-2)",00:18:09,"03:44:19 (-33)","01:04:42 (-2)",,00:24:34,
25,"team788 绍兴一中",9,26:42:30,00:05:17,"00:35:58 (-1)","02:41:22 (-5)",00:36:02,"02:07:39 (-1)",00:23:14,"03:58:21 (-33)","01:20:22 (-3)",,00:34:15,
26,"team561 电子科技大学",9,27:17:09,"00:20:28 (-1)",00:53:27,"02:47:24 (-1)","01:40:12 (-1)",03:35:48,00:18:10,"04:46:39 (-19)","03:38:49 (-3)",,"00:36:12 (-1)",
27,"team560 电子科技大学",9,27:55:02,00:08:04,00:47:28,02:37:49,01:10:47,04:23:31,00:29:52,"04:47:18 (-24)","04:23:53 (-2)",,00:26:20,
28,"team910 国防科技大学",9,28:13:33,00:10:12,"00:26:27 (-1)","03:31:26 (-2)",01:07:28,"02:06:14 (-3)",00:46:23,"04:13:20 (-28)","03:07:26 (-2)",,00:44:37,(-1)
29,"team580 哈尔滨工业大学",9,34:31:56,"00:27:54 (-1)","00:37:24 (-1)","04:56:54 (-4)",00:55:20,"03:50:33 (-2)","01:23:33 (-2)","04:30:49 (-31)","03:10:21 (-1)",(-4),"00:19:08 (-1)",
30,"team726 武汉大学",9,39:30:04,"00:13:45 (-2)","01:42:23 (-1)","03:35:07 (-3)","02:33:24 (-5)","03:49:05 (-1)",00:54:22,"04:31:24 (-40)","01:41:57 (-2)",,"01:48:37 (-2)",
31,"team378 中国石油大学（北京）",8,11:03:59,00:09:40,00:16:53,02:25:55,01:03:30,03:10:40,"00:50:37 (-2)",,01:36:59,,"00:29:45 (-1)",
32,"team670 南方科技大学",8,11:50:56,00:04:26,"00:27:44 (-1)","01:18:58 (-4)",00:46:07,"03:01:50 (-1)","01:36:07 (-1)",(-2),02:00:26,,00:15:18,
33,"team1145 山河大学",8,14:33:07,00:02:36,00:24:06,"02:26:27 (-8)","01:10:27 (-1)","00:52:04 (-2)","01:09:11 (-1)",(-7),"03:34:12 (-1)",,00:34:04,
34,"team619 南昌大学",8,14:55:53,00:08:01,00:51:08,02:41:12,"01:47:14 (-4)","02:10:00 (-1)",01:10:46,,03:54:58,,00:32:34,
35,"team222 北京交通大学",8,17:48:46,"00:09:26 (-1)","01:13:40 (-2)",03:46:18,"01:35:42 (-1)","04:07:45 (-4)",00:57:49,,"02:39:22 (-1)",,00:18:44,
36,"team1135 清华大学",8,18:07:27,00:23:55,00:33:04,"03:26:29 (-5)",01:05:49,"04:25:37 (-3)",01:14:36,,"01:26:46 (-2)",,02:11:11,
37,"team675 南方科技大学",8,18:40:32,00:07:00,00:49:31,"03:33:36 (-2)",02:09:07,"04:40:41 (-5)",02:04:03,(-1),01:31:53,,01:24:41,
38,"team943 杭州第二中学",8,19:06:19,00:04:38,00:17:01,(-28),00:55:44,03:28:17,"00:43:08 (-1)","03:47:53 (-20)","01:57:23 (-1)",,00:32:15,
39,"team281 华东师范大学",8,19:55:59,00:06:32,"01:03:10 (-2)","02:55:20 (-2)",02:08:22,"04:53:09 (-2)","01:37:07 (-1)",,03:05:54,,"01:26:25 (-1)",
40,"team101 浙江师范大学",8,19:59:55,"00:05:41 (-1)","00:38:20 (-3)","04:44:04 (-3)",01:22:28,"04:35:54 (-1)","01:02:45 (-1)",,"03:22:34 (-2)",,00:28:09,
41,"team021 东北大学",8,21:30:29,00:07:20,"00:40:44 (-1)","04:56:34 (-8)",01:04:29,"03:45:55 (-3)",01:35:14,,"04:13:49 (-2)",,00:26:24,
42,"team787 绍兴一中",8,22:29:41,"00:07:16 (-2)","01:16:47 (-3)",(-4),"02:02:04 (-4)",04:10:09,01:25:37,03:59:51,"03:32:03 (-6)",,"00:35:54 (-1)",
43,"team306 南京外国语学校",8,23:08:51,"00:09:31 (-2)",00:24:21,"02:39:45 (-1)","02:00:04 (-5)","03:50:16 (-7)","01:19:09 (-2)","04:07:30 (-6)",,,00:58:15,
44,"team439 武汉大学",8,26:18:18,"00:43:11 (-5)","01:46:40 (-1)","01:19:28 (-7)","01:32:52 (-2)","04:49:41 (-5)",01:39:55,,"04:10:32 (-3)",,"02:15:59 (-1)",
45,"team182 南京大学",8,26:41:04,00:15:06,00:31:38,,"02:10:49 (-3)",04:40:20,00:39:56,"03:54:23 (-32)",02:36:18,,00:12:34,
46,"team312 南京外国语学校",8,29:16:43,"00:22:58 (-6)","00:52:44 (-2)",(-11),00:28:14,"02:53:24 (-4)","00:12:50 (-1)","03:50:00 (-39)",02:41:31,,00:35:02,
47,"team311 南京外国语学校",8,29:39:23,"00:14:14 (-3)","00:39:58 (-3)",(-4),00:55:20,"02:00:09 (-3)",01:07:07,"03:00:58 (-38)","02:37:56 (-7)",,01:03:41,
48,"team226 湖南理工学院",7,10:18:54,00:06:52,"02:01:21 (-1)",01:42:20,01:07:06,(-2),00:26:25,,03:53:22,,00:41:28,(-1)
49,"team730 四川大学",7,10:24:57,00:11:15,00:39:53,"02:40:09 (-1)",01:14:47,"02:36:19 (-3)","00:25:37 (-1)",,,,00:56:57,
50,"team741 重庆一中",7,12:42:35,00:08:19,"00:29:59 (-3)","02:20:03 (-1)","01:21:14 (-1)","04:45:26 (-1)",00:46:49,,(-4),,00:50:45,
51,"team1144 山河大学",7,12:45:25,00:06:12,00:30:33,"03:06:45 (-3)",01:43:11,04:20:00,00:49:33,,(-5),,01:09:11,
52,"team987 华南师范大学附属中学",7,13:26:29,00:04:13,00:20:56,"03:49:54 (-13)",00:12:05,"01:50:19 (-1)","00:45:51 (-2)",,(-14),,01:03:11,
53,"team320 南京外国语学校",7,13:27:39,"00:08:15 (-1)","01:33:58 (-1)",(-9),01:47:03,"02:31:52 (-2)","01:08:11 (-1)",03:02:26,(-3),,"01:15:54 (-1)",
54,"team733 四川大学",7,13:45:20,"00:11:32 (-2)",00:46:01,"04:59:02 (-3)",02:15:00,(-2),01:12:48,01:41:16,(-1),,"00:39:41 (-1)",
55,"team582 哈尔滨工业大学",7,14:02:09,"00:10:23 (-1)","02:11:41 (-3)",(-3),"01:17:10 (-2)","04:27:09 (-1)","00:27:30 (-1)",,02:11:37,,00:36:39,
56,"team309 南京外国语学校",7,14:02:18,"00:19:02 (-2)",00:09:33,"03:27:06 (-3)",01:39:49,,01:31:33,04:29:17,,,00:45:58,
57,"team905 南京理工大学",7,14:53:58,00:03:53,01:37:57,"03:51:54 (-2)",01:54:12,(-3),01:18:50,(-47),"02:56:27 (-5)",,00:50:45,
58,"team521 华中科技大学",7,15:06:10,"00:10:57 (-2)","01:02:14 (-1)",(-12),"00:22:23 (-1)","03:10:44 (-2)",00:46:53,,"04:46:37 (-6)",,00:46:22,
59,"team789 绍兴一中",7,15:09:08,00:16:48,"00:51:10 (-2)",,01:50:15,04:21:21,01:30:33,,"03:15:15 (-4)",,01:03:46,
60,"team671 南方科技大学",7,15:39:46,"00:12:57 (-1)",00:50:19,"02:59:23 (-2)","01:18:32 (-2)","04:49:47 (-2)",01:27:36,,(-16),,"00:41:12 (-3)",
61,"team891 青岛科技大学",7,15:42:37,"00:16:22 (-1)",01:27:46,"03:05:32 (-6)",01:52:14,(-9),01:42:06,,02:20:52,,"01:17:45 (-4)",
62,"team870 复旦大学",7,16:44:55,"00:09:33 (-1)","01:31:29 (-1)","03:05:00 (-1)",02:44:19,,"01:49:42 (-2)",(-16),03:46:20,,01:58:32,
63,"team397 西安电子科技大学",7,16:49:34,00:09:43,"01:59:37 (-1)",04:43:16,"01:34:35 (-2)",,"00:31:44 (-1)",(-5),03:10:54,,"02:19:45 (-3)",
64,"team191 广东工业大学",7,16:50:52,"00:31:45 (-2)",01:17:56,,00:42:48,04:35:16,"03:27:49 (-1)",,03:09:27,,"01:25:51 (-2)",
65,"team529 华中科技大学",7,17:29:55,"00:13:41 (-1)","02:29:28 (-4)","02:34:59 (-3)",03:21:59,"04:10:38 (-1)",01:15:11,,,,00:23:59,
66,"team835 中国地质大学（北京）",7,18:08:36,"00:27:23 (-5)","01:05:07 (-2)",(-13),03:33:23,,"01:55:15 (-2)",03:52:46,02:42:01,,01:32:41,
67,"team899 武汉理工大学",7,18:56:34,00:05:18,01:18:23,"04:22:47 (-12)","02:05:43 (-1)",,01:42:44,,"03:10:41 (-1)",,01:30:58,
68,"team492 深圳中学",7,18:58:26,"00:14:54 (-2)",00:59:28,"03:55:39 (-7)",02:04:53,"01:26:25 (-4)",01:46:51,,,,04:10:16,
69,"team979 中山市中山纪念中学",7,20:48:26,"00:09:12 (-1)","03:57:50 (-7)",02:49:55,"04:08:09 (-9)",(-2),00:47:35,,"02:03:36 (-2)",,00:32:09,
70,"team418 北京邮电大学",7,21:42:35,"00:11:51 (-1)","04:42:58 (-2)",04:07:47,02:14:05,,"03:51:00 (-2)",(-3),"03:54:36 (-1)",,00:40:18,
71,"team528 华中科技大学",7,24:20:30,"00:25:00 (-2)",00:12:32,"04:41:02 (-16)","03:37:36 (-7)","02:33:30 (-2)","01:45:54 (-1)",,(-2),,"01:24:56 (-1)",
72,"team699 武汉大学",7,26:43:01,00:08:23,01:00:03,(-2),01:36:55,"02:45:02 (-2)",00:54:43,"03:15:47 (-46)",(-14),(-6),"00:42:08 (-1)",
73,"team307 南京外国语学校",7,28:16:56,"00:08:27 (-6)",00:27:52,(-16),01:20:08,"04:46:22 (-13)",00:31:36,"03:13:30 (-31)",(-38),,01:09:01,
74,"team072 北京理工大学",7,37:52:37,"00:39:50 (-1)",00:58:29,(-14),"01:39:20 (-4)",,"02:09:56 (-2)","03:36:27 (-57)","04:58:01 (-5)",,"00:30:34 (-1)",
75,"team879 复旦大学",6,07:09:08,00:12:19,"00:33:34 (-1)",02:36:47,01:41:13,,00:56:08,,,,00:49:07,
76,"team731 四川大学",6,07:53:32,"00:10:03 (-1)","00:28:51 (-1)",(-3),01:37:22,03:07:46,01:03:17,(-1),(-4),,00:46:13,
77,"team109 东华大学",6,08:34:21,00:05:39,00:54:04,03:07:43,"01:13:36 (-1)",,01:54:15,,,,"00:39:04 (-1)",
78,"team595 天津大学",6,08:51:26,00:08:22,"01:01:55 (-2)",(-4),01:21:31,,01:33:06,,03:14:15,,00:52:17,
79,"team907 福建省厦门双十中学",6,09:04:53,"00:06:39 (-1)","00:53:36 (-1)","02:08:18 (-1)","01:26:52 (-4)",(-5),01:17:30,,,,"00:31:58 (-1)",
80,"team319 南京外国语学校",6,09:21:44,00:11:03,00:30:37,,"01:31:41 (-1)",01:55:19,"02:16:58 (-6)",(-1),,,00:36:06,
81,"team656 东南大学",6,09:31:02,00:07:07,00:22:25,"03:19:22 (-4)","01:28:08 (-1)",,"00:43:53 (-1)",,,,"01:10:07 (-1)",
82,"team139 南京信息工程大学",6,09:37:25,00:07:09,"00:28:20 (-1)",03:20:39,02:34:28,,"01:28:10 (-1)",,(-2),,"00:38:39 (-1)",
83,"team420 湖南大学",6,09:51:38,00:07:49,00:29:23,03:36:27,"02:24:35 (-4)",(-3),01:06:35,,(-1),,00:46:49,
84,"team103 浙江师范大学",6,10:13:21,00:05:44,"00:41:22 (-1)",03:18:53,03:12:25,,01:30:52,,(-3),,01:04:05,
85,"team012 华东师范大学",6,10:20:28,00:17:19,01:25:02,,01:38:46,"02:39:12 (-1)","02:49:01 (-2)",,,,00:31:08,
86,"team315 南京外国语学校",6,10:24:43,"00:22:42 (-1)","01:12:15 (-1)",,"02:57:52 (-1)",,00:47:38,03:21:45,,,00:42:31,
87,"team059 信阳师范学院",6,11:04:35,"00:25:37 (-3)",01:02:46,(-2),02:08:32,"03:00:31 (-1)",01:32:48,,(-2),,"01:14:21 (-1)",
88,"team379 武汉科技大学",6,11:20:50,00:08:03,"01:17:49 (-1)",(-5),00:33:53,"03:58:53 (-4)","01:45:27 (-1)",,,,01:36:45,
89,"team568 电子科技大学",6,11:26:38,00:06:25,"01:01:12 (-1)","03:52:23 (-2)",02:13:34,,01:44:05,,(-1),,01:28:59,
90,"team908 福建省厦门双十中学",6,11:52:11,"00:08:26 (-1)","02:11:35 (-3)",(-4),00:33:36,(-1),02:17:43,,"04:19:46 (-2)",,00:21:05,
91,"team1030 东北大学秦皇岛分校",6,12:09:00,"00:13:47 (-2)","01:04:28 (-1)",(-4),"02:19:51 (-1)",04:16:01,"01:07:46 (-1)",,(-4),,"00:47:07 (-2)",
92,"team261 苏州大学",6,12:14:59,"00:21:39 (-1)",00:36:04,(-3),02:21:03,,01:17:23,,04:29:47,,"02:09:03 (-2)",
93,"team956 厦门大学",6,12:23:33,"00:05:21 (-1)",02:11:22,,"02:03:03 (-1)",,"01:19:07 (-2)",,"03:59:45 (-2)",,00:44:55,
94,"team468 华南理工大学",6,12:28:05,00:08:40,"00:38:39 (-1)",04:15:20,02:35:22,,"02:19:08 (-1)",,(-7),,"01:30:56 (-1)",
95,"team079 北京理工大学",6,12:35:24,"00:17:38 (-2)","00:57:25 (-3)","04:25:53 (-3)","00:45:44 (-1)",,01:24:24,,(-7),,"01:04:20 (-2)",
96,"team262 苏州大学",6,12:50:33,00:08:28,"01:43:21 (-1)",02:36:22,(-7),"04:27:16 (-4)",01:04:46,,,,"00:50:20 (-1)",
97,"team564 电子科技大学",6,13:03:30,"00:11:43 (-1)","03:32:37 (-3)","03:23:39 (-1)",01:51:58,,"01:20:49 (-1)",,,,00:42:44,
98,"team318 南京外国语学校",6,13:04:16,00:31:01,"01:28:35 (-2)",(-13),"02:35:58 (-1)",(-4),02:26:33,(-5),03:53:33,,"00:48:36 (-1)",
99,"team785 温州中学",6,13:09:14,00:07:23,"01:19:15 (-4)",(-8),"02:15:08 (-3)",,"01:41:41 (-1)",(-1),03:31:45,,01:34:02,
100,"team1079 大连理工大学",6,13:24:35,00:08:40,"00:59:02 (-5)","04:31:48 (-2)","02:20:14 (-2)",,01:22:44,,(-4),,01:02:07,
101,"team946 杭州第二中学",6,13:24:42,"00:48:31 (-1)",01:06:10,01:57:50,"03:13:31 (-2)",(-1),"02:28:21 (-3)",,(-1),,01:50:19,
102,"team403 北京邮电大学",6,13:25:53,00:07:17,00:37:03,03:02:28,"04:03:29 (-3)",,01:24:20,,,,03:11:16,
103,"team1111 温州中学",6,13:35:09,00:05:12,"01:15:49 (-1)","04:29:15 (-3)","02:27:13 (-2)",,01:51:32,,,,01:26:08,
104,"team708 吉林大学",6,13:40:02,00:08:23,"03:29:57 (-6)",(-5),"01:11:45 (-2)","03:46:28 (-3)",00:53:49,,(-3),,00:29:40,
105,"team689 郑州大学",6,13:41:09,"00:20:53 (-2)","00:59:45 (-2)","04:18:20 (-6)","02:01:14 (-1)",,"01:24:11 (-1)",,(-1),,00:36:46,
106,"team765 重庆大学",6,13:47:52,"00:13:58 (-1)","01:57:56 (-3)",(-16),02:22:11,04:54:13,"01:25:22 (-1)",,(-1),,"00:54:12 (-1)",
107,"team340 湘潭大学",6,14:04:28,00:09:27,02:40:49,,03:24:57,"04:30:24 (-2)",02:00:55,,,,00:37:56,
108,"team1074 雅礼中学",6,14:24:06,01:44:26,01:34:48,,02:43:41,04:04:57,02:20:56,(-1),,,01:55:18,
109,"team840 中国科学技术大学",6,14:41:06,"00:59:25 (-1)","03:28:04 (-15)",,01:28:21,,"01:20:46 (-3)",,00:53:25,,00:11:05,
110,"team220 北京交通大学",6,14:44:56,"00:13:02 (-1)",01:20:59,"04:38:08 (-6)","02:11:19 (-1)",,02:19:08,,(-2),,"00:42:20 (-2)",
111,"team673 南方科技大学",6,14:51:24,"00:32:00 (-1)","01:17:26 (-5)",,01:45:27,"04:47:54 (-2)",02:26:54,,,,"01:01:43 (-1)",
112,"team567 电子科技大学",6,15:06:12,00:10:25,"04:59:33 (-1)","03:39:47 (-2)",03:04:59,,01:18:35,,,,00:52:53,
113,"team523 华中科技大学",6,15:21:31,"00:12:18 (-2)","01:14:24 (-1)","04:41:24 (-1)","02:47:37 (-1)",,"03:10:58 (-1)",,,,01:14:50,
114,"team413 北京邮电大学",6,15:21:48,"00:17:34 (-1)","01:38:17 (-4)","04:28:25 (-1)","03:31:53 (-2)",,01:25:50,,(-1),,"00:59:49 (-1)",
115,"team802 南京邮电大学",6,15:32:14,00:08:57,"00:46:50 (-1)",04:12:07,02:28:40,,02:01:13,,,,"04:54:27 (-2)",
116,"team1084 西安交通大学",6,15:49:56,"00:06:01 (-1)",02:13:13,03:54:19,(-1),,03:05:45,,"04:30:25 (-1)",,01:20:13,
117,"team742 重庆一中",6,16:25:26,"00:11:59 (-3)","00:45:43 (-4)",(-5),02:15:22,,01:24:42,,"04:39:38 (-5)",,"02:08:02 (-3)",
118,"team491 深圳中学",6,16:33:16,00:05:33,00:22:19,(-4),02:51:54,"04:13:57 (-1)",02:35:37,,,,"02:23:56 (-11)",
119,"team406 北京邮电大学",6,16:49:02,"00:09:24 (-3)",(-4),"03:06:10 (-1)",01:59:46,"04:54:27 (-5)",02:30:02,,,,01:09:13,
120,"team1076 衡阳八中",6,16:50:57,"00:02:33 (-1)","02:07:02 (-6)","04:03:10 (-6)","02:24:52 (-1)",,"01:22:59 (-4)",,(-1),,00:50:21,
121,"team076 北京理工大学",6,17:11:23,00:04:32,"03:27:40 (-6)","04:57:44 (-2)","02:39:23 (-4)",,"00:29:21 (-1)",,,,01:12:43,
122,"team597 天津大学",6,17:20:36,00:07:24,04:28:57,"03:25:35 (-3)","03:30:20 (-4)",,02:20:33,,,,01:07:47,
123,"team223 北京交通大学",6,18:14:24,00:09:45,"02:30:08 (-4)","04:27:23 (-5)",03:21:11,,"02:07:40 (-3)",,(-1),,01:38:17,
124,"team060 武汉大学",6,18:15:44,"00:12:19 (-1)","02:00:40 (-6)",03:11:44,"02:44:26 (-3)",(-4),01:13:02,,,,"03:53:33 (-5)",
125,"team401 北京邮电大学",6,18:20:14,00:10:02,"03:04:44 (-4)","04:55:45 (-7)","04:30:57 (-2)",,00:49:24,,(-4),,00:29:22,
126,"team1073 雅礼中学",6,18:22:32,"01:44:17 (-1)","01:34:14 (-1)",,"02:43:30 (-1)","04:04:45 (-7)","02:20:43 (-1)",(-9),,,"01:55:03 (-1)",
127,"team1143 山河大学",6,18:41:01,"00:10:22 (-2)","04:59:22 (-8)",,02:45:02,,01:37:27,,04:39:38,,"00:49:10 (-1)",
128,"team886 中南大学",6,18:54:18,"00:10:32 (-2)","01:55:25 (-1)","04:23:17 (-1)","04:47:12 (-7)",,01:29:20,,,,"02:08:32 (-1)",
129,"team732 四川大学",6,20:03:04,00:07:25,"02:48:33 (-5)","04:05:16 (-2)","04:50:34 (-3)",,"03:35:57 (-1)",,,,00:55:19,
130,"team520 华中科技大学",6,21:54:39,"00:06:49 (-1)","02:05:28 (-7)","03:52:41 (-5)",(-15),,02:41:01,"04:56:43 (-1)",,,"02:11:57 (-4)",
131,"team947 杭州第二中学",6,22:47:36,00:04:51,"04:32:25 (-6)","04:41:39 (-5)","03:44:05 (-1)",,"01:54:12 (-1)",(-1),,,"02:30:24 (-3)",
132,"team073 北京理工大学",6,24:01:02,00:08:42,"01:18:26 (-3)",,"03:34:09 (-4)",,"02:33:19 (-1)","04:48:30 (-22)",,,"00:57:56 (-2)",
133,"team341 湘潭大学",6,24:23:18,00:13:05,"04:32:03 (-1)","04:42:37 (-11)","04:16:27 (-2)",,"03:09:56 (-2)",,,,02:09:10,
134,"team761 重庆大学",6,25:50:38,00:09:41,"01:09:52 (-2)",,"04:47:11 (-4)",,"01:38:11 (-1)","03:51:20 (-30)",,,01:54:23,
135,"team644 武汉大学",6,27:16:47,00:05:55,"02:31:04 (-4)",(-1),01:46:58,,"02:12:18 (-1)","04:37:55 (-42)",(-20),,00:22:37,
136,"team317 南京外国语学校",6,30:03:40,"00:17:58 (-4)","02:55:22 (-3)",(-11),02:26:01,,"01:31:49 (-1)","03:36:58 (-48)",,,00:35:32,
137,"team574 清华大学",5,04:56:17,00:15:01,"00:53:46 (-1)",(-6),01:40:19,,01:11:19,,(-1),,00:35:52,
138,"team784 温州中学",5,06:24:31,"00:10:02 (-1)","01:21:53 (-2)",(-2),"00:42:50 (-1)",(-9),"00:56:32 (-1)",,(-9),,01:33:14,
139,"team550 福州大学",5,06:37:36,"00:12:26 (-3)",00:29:27,(-8),"01:19:31 (-1)",,"01:16:23 (-1)",,,,"00:59:49 (-2)",(-2)
140,"team861 长沙理工大学",5,06:52:06,"00:16:35 (-1)",00:53:25,(-7),03:04:19,,01:26:34,,(-2),,"00:31:13 (-1)",
141,"team983 中山大学",5,07:00:49,00:05:38,"00:26:42 (-1)",(-9),01:52:32,,"01:30:10 (-1)",,(-4),,"02:05:47 (-1)",
142,"team551 福州大学",5,07:12:55,00:03:25,01:47:00,,02:55:38,(-1),01:50:54,,(-2),,00:35:58,
143,"team043 浙江工业大学",5,07:24:19,"00:14:22 (-1)",02:27:20,,02:39:50,(-6),00:34:10,,(-1),,01:08:37,(-1)
144,"team022 东北大学",5,07:49:19,00:07:17,01:56:01,02:48:16,(-2),(-3),02:08:06,,,,00:49:39,
145,"team846 哈尔滨工业大学（威海）",5,08:14:47,00:16:00,"01:16:28 (-1)",,"03:04:29 (-3)",(-1),01:21:08,,(-2),,"00:36:42 (-1)",
146,"team041 浙江工业大学",5,08:28:28,"00:20:53 (-2)",00:57:09,(-6),"03:02:20 (-1)",,01:46:24,,(-6),,01:21:42,
147,"team1070 重庆市育才中学",5,08:31:44,"00:17:33 (-2)",00:32:35,,"01:36:37 (-1)",,"01:12:06 (-1)",,,,"02:12:53 (-4)",
148,"team040 浙江省春晖中学",5,08:52:00,"00:12:57 (-2)","00:35:51 (-2)",(-14),"02:25:24 (-2)",,"01:32:44 (-2)",,,,01:25:04,
149,"team467 华南理工大学",5,09:26:48,00:09:40,"03:21:07 (-3)",,"02:01:02 (-1)",,"01:22:57 (-1)",,,,00:52:02,
150,"team525 华中科技大学",5,09:34:31,00:08:51,"03:11:52 (-4)",(-3),02:09:12,,01:29:45,,,,"00:54:51 (-1)",
151,"team133 南京信息工程大学",5,09:54:07,"00:06:25 (-1)","01:03:10 (-1)",(-5),"02:44:04 (-3)",,02:00:54,,,,"01:39:34 (-2)",
152,"team396 西安电子科技大学",5,09:55:52,00:18:35,"02:06:07 (-4)","01:10:32 (-1)",03:01:39,,01:38:59,,,,(-7),
153,"team650 东南大学",5,10:28:50,00:04:07,"01:18:56 (-2)",,"04:57:40 (-3)",,01:48:13,,,,00:39:54,
154,"team1031 东北大学秦皇岛分校",5,10:34:33,"00:13:14 (-2)","02:00:41 (-2)",(-2),"03:41:57 (-1)",,01:58:48,,,,00:59:53,
155,"team1116 中山市中山纪念中学",5,11:01:36,"00:13:02 (-1)","03:19:45 (-5)",(-2),"03:14:49 (-2)",,01:01:37,,(-1),,00:32:23,
156,"team466 华南理工大学",5,11:03:30,00:12:51,02:07:25,(-1),01:07:20,(-6),02:57:52,,(-3),,"02:38:02 (-6)",
157,"team850 香港中文大学（深圳）",5,11:16:29,"00:56:55 (-7)","02:23:04 (-4)",(-5),"01:58:12 (-1)",,01:38:04,,(-3),,00:20:14,
158,"team884 中南大学",5,11:21:02,"00:19:38 (-6)","01:49:08 (-3)",(-9),02:55:18,,02:05:16,,,,"00:51:42 (-1)",
159,"team609 哈尔滨理工大学",5,11:29:42,00:10:56,"01:41:57 (-2)",(-6),"03:29:22 (-1)",,"02:39:13 (-2)",,,,"01:28:14 (-1)",
160,"team900 西南科技大学",5,11:44:49,00:05:29,"00:54:38 (-2)",(-1),"03:23:55 (-2)",(-1),"02:01:16 (-2)",,,,"02:19:31 (-3)",
161,"team080 北京理工大学",5,11:51:20,"00:15:07 (-1)","02:36:30 (-1)",(-4),"03:09:10 (-1)",,"02:23:00 (-3)",(-6),,,01:27:33,
162,"team750 上海大学",5,12:20:07,00:11:27,"02:51:51 (-12)",(-19),"01:09:29 (-2)",,"02:27:04 (-1)",,,,"00:20:16 (-1)",
163,"team179 南京大学",5,12:22:20,"00:12:50 (-1)","02:46:17 (-2)",,"04:32:18 (-3)",,02:05:12,,,,00:45:43,
164,"team1055 北京市第十二中学",5,12:29:52,"00:22:07 (-4)","02:27:17 (-3)",(-9),"02:47:14 (-5)",,"01:19:00 (-2)",,,,"00:34:14 (-1)",
165,"team426 浙江万里学院",5,12:33:22,"00:40:15 (-3)","03:35:31 (-3)",(-4),02:47:10,,"02:17:03 (-1)",,,,00:53:23,
166,"team048 浙江工业大学",5,12:51:23,"00:27:18 (-2)","03:19:12 (-5)",,02:42:29,,02:18:37,,(-2),,"01:23:47 (-1)",
167,"team1069 重庆市育才中学",5,12:51:40,00:14:02,"02:12:19 (-2)",,02:27:45,,01:20:41,,,,"03:56:53 (-6)",
168,"team175 南京大学",5,13:11:36,"00:17:54 (-1)",01:40:16,,"04:10:26 (-4)",,02:22:23,(-8),(-1),,03:00:37,
169,"team438 沈阳航空航天大学",5,13:14:45,00:16:44,"03:13:50 (-5)",,04:32:05,,"01:35:03 (-1)",,,,01:37:03,
170,"team740 重庆一中",5,13:36:35,"00:18:16 (-2)","02:20:23 (-4)",(-20),"02:42:32 (-1)",(-1),"03:18:53 (-1)",,(-15),,"01:56:31 (-1)",
171,"team862 长沙理工大学",5,13:53:01,00:21:39,"02:26:11 (-4)",,02:52:24,,"04:18:56 (-2)",,,,"01:33:51 (-1)",
172,"team702 吉林大学",5,13:58:45,00:06:50,"02:05:40 (-6)",(-7),03:17:57,,03:16:47,,(-2),,"02:31:31 (-2)",
173,"team526 华中科技大学",5,13:59:52,"00:10:47 (-1)","01:20:02 (-1)",,"02:53:12 (-3)","04:46:40 (-2)","02:09:11 (-1)",,(-6),,(-6),
174,"team807 南京邮电大学",5,14:05:46,00:06:21,04:56:16,,04:14:08,,02:28:17,,,,02:20:44,
175,"team1026 清华大学附属中学",5,14:15:43,00:17:00,"02:53:58 (-13)",,02:51:29,(-3),"02:17:09 (-3)",,,,00:36:07,
176,"team950 杭州第二中学",5,14:20:39,"01:00:49 (-5)",00:56:56,,"03:50:12 (-2)",,"04:31:29 (-2)",,,,"00:41:13 (-1)",
177,"team140 浙大城市学院",5,14:40:57,00:06:24,"03:40:18 (-2)",,"04:50:14 (-3)",,03:11:07,,,,"00:52:54 (-1)",
178,"team231 浙江工商大学",5,14:49:50,"01:03:23 (-6)","03:15:08 (-1)",(-3),"01:14:18 (-2)",,"02:32:49 (-5)",,,,02:04:12,
179,"team565 电子科技大学",5,15:13:57,"00:35:15 (-4)","04:08:52 (-2)",(-2),"03:49:24 (-3)",,"01:59:24 (-1)",,,,01:21:02,
180,"team050 中国民航大学",5,15:15:32,"00:30:18 (-3)",04:55:20,(-4),"04:09:34 (-1)",,01:55:10,,,,"02:05:10 (-1)",
181,"team674 南方科技大学",5,15:39:53,"00:16:24 (-1)",01:55:36,(-7),"03:15:16 (-6)",,"01:33:09 (-2)",,,,"03:59:28 (-5)",
182,"team766 重庆大学",5,15:48:22,01:31:52,"03:24:20 (-4)",,04:13:27,,"02:53:09 (-1)",,,,02:05:34,
183,"team1141 山河大学",5,16:11:34,02:30:57,"03:38:32 (-1)",,"03:21:20 (-1)",,02:59:08,,,,"02:41:37 (-1)",
184,"team872 复旦大学",5,16:15:36,"00:36:33 (-5)","04:27:39 (-5)",,"02:27:08 (-1)",,"02:58:49 (-1)",,(-2),,"01:05:27 (-2)",
185,"team808 南京邮电大学",5,16:48:20,"00:10:38 (-1)","04:36:27 (-7)","04:17:21 (-1)",,,03:09:43,,,,01:34:11,
186,"team042 浙江工业大学",5,17:18:44,"02:36:01 (-5)","01:12:38 (-1)",,"02:16:36 (-2)",,"04:54:01 (-3)",,,,"01:59:28 (-2)",
187,"team801 南京邮电大学",5,17:19:07,00:21:02,"04:56:42 (-11)",(-2),"03:55:19 (-1)",,"02:21:36 (-1)",,,,"01:04:28 (-1)",
188,"team871 复旦大学",5,18:09:14,"00:18:41 (-1)","04:52:11 (-4)",,"04:59:45 (-6)",,"01:56:45 (-1)",,,,"01:41:52 (-1)",
189,"team077 北京理工大学",5,18:24:10,00:14:06,(-28),,01:49:54,,02:52:33,"04:40:48 (-23)",,,01:06:49,
190,"team1065 重庆市育才中学",5,18:32:24,"00:22:02 (-1)","02:47:43 (-9)",(-1),03:14:09,,"03:34:21 (-2)",,(-2),,"03:34:09 (-3)",
191,"team1118 东北农业大学",5,19:31:28,00:07:33,"03:16:36 (-17)",(-1),"03:31:12 (-3)",,03:44:48,,,,"01:11:19 (-3)",
192,"team250 武汉大学",5,36:38:28,"00:13:00 (-2)",03:01:03,(-14),,,"03:48:23 (-1)","04:55:30 (-55)",,,"04:20:32 (-3)",
193,"team990 雅礼中学",4,04:55:52,00:10:41,01:03:22,,,,"01:57:16 (-1)",,,,01:24:33,
194,"team819 长沙市中雅培粹学校",4,05:01:56,00:02:45,"02:06:23 (-2)",,(-4),,01:20:08,,,,"00:32:40 (-1)",
195,"team102 浙江师范大学",4,05:02:16,00:03:19,(-4),,"02:22:09 (-3)",(-3),01:00:35,,,,00:36:13,
196,"team581 哈尔滨工业大学",4,05:03:38,00:11:37,(-6),,"02:31:16 (-4)",,00:46:30,,(-4),,00:14:15,
197,"team257 浙江农林大学",4,05:18:35,"00:14:55 (-3)","01:55:28 (-1)",(-2),,,"01:03:25 (-1)",,(-3),,00:24:47,
198,"team169 河南农业大学",4,05:49:22,00:05:33,"01:28:45 (-3)",(-2),(-12),,02:35:44,,,,00:39:20,
199,"team078 北京理工大学",4,06:03:47,"00:15:37 (-1)",01:40:54,,(-1),,"02:12:36 (-1)",(-1),(-1),,01:14:40,
200,"team804 南京邮电大学",4,06:12:50,"00:19:28 (-1)",01:22:13,(-8),(-4),(-3),"02:49:45 (-2)",,,,00:41:24,
201,"team825 北京大学",4,06:13:06,00:54:50,"01:34:51 (-1)",,,,"01:53:43 (-1)",,,,01:09:42,
202,"team1057 大连大学",4,06:17:30,"00:23:02 (-2)",02:22:16,,,(-2),02:06:02,,,,00:46:10,
203,"team992 浙江理工大学",4,06:33:39,00:05:09,(-30),(-3),"01:06:07 (-1)",,"02:48:14 (-1)",,,,01:54:09,
204,"team263 苏州大学",4,06:56:42,00:14:36,(-6),"03:01:41 (-1)",,,"01:56:44 (-2)",,,,00:43:41,
205,"team201 南昌航空大学",4,06:57:29,00:12:59,"03:31:33 (-1)",(-5),(-1),,01:56:45,,,,00:56:12,
206,"team045 浙江工业大学",4,06:59:59,"00:23:09 (-1)","02:42:08 (-1)",(-4),(-5),,01:14:02,,,,02:00:40,
207,"team563 电子科技大学",4,07:00:49,00:11:00,"02:01:11 (-3)",(-2),02:59:07,,(-12),,,,00:49:31,
208,"team011 华东师范大学",4,07:13:52,"00:16:34 (-1)",02:19:50,,(-7),,02:55:08,,,,01:22:20,
209,"team863 长沙理工大学",4,07:23:36,"00:31:13 (-1)",01:27:24,,,,"03:26:38 (-2)",,,,00:58:21,
210,"team495 浙江农林大学暨阳学院",4,07:33:22,00:19:02,"01:22:58 (-3)",,(-4),,02:40:28,,,,"01:50:54 (-1)",
211,"team092 北京化工大学",4,07:33:47,"00:12:38 (-1)",00:41:39,(-10),(-1),(-1),"03:16:18 (-5)",,(-1),,01:23:12,
212,"team336 暨南大学",4,07:47:12,"00:20:37 (-2)",01:07:10,04:31:40,,,(-3),,,,01:07:45,
213,"team371 重庆邮电大学",4,07:55:48,"00:12:19 (-1)",(-4),,"02:59:08 (-8)",,01:01:55,,(-1),,00:42:26,
214,"team286 华东师范大学",4,07:57:42,00:24:54,"03:13:35 (-2)",(-2),(-3),,02:34:11,,,,01:05:02,
215,"team638 重庆科技学院",4,08:08:57,"00:19:28 (-1)","02:48:12 (-5)",,,,"00:56:50 (-1)",,,,01:44:27,
216,"team697 周口师范学院",4,08:43:26,00:08:07,,,"02:11:13 (-1)",,"03:48:52 (-1)",,,,01:55:14,
217,"team178 南京大学",4,08:45:44,"00:15:55 (-1)","03:43:52 (-4)",,,(-1),01:31:28,,,,"01:14:29 (-1)",
218,"team142 浙大城市学院",4,08:53:27,"00:09:27 (-1)",,03:55:36,(-4),,"01:51:41 (-4)",,,,"00:36:43 (-2)",
219,"team898 宁波效实中学",4,08:54:03,00:18:01,(-6),,"02:32:16 (-1)",,"04:22:17 (-2)",,,,00:41:29,
220,"team390 长安大学",4,08:55:53,"00:22:36 (-1)",(-7),,"03:31:37 (-1)",,02:57:21,,,,01:24:19,
221,"team640 郑州轻工业大学",4,08:56:07,00:05:50,02:39:38,(-5),,,03:14:52,,,,"02:15:47 (-2)",
222,"team141 浙大城市学院",4,09:09:01,"00:13:46 (-1)",,(-1),"04:15:58 (-1)",,"02:26:53 (-1)",,(-4),,"00:52:24 (-1)",
223,"team993 浙江理工大学",4,09:17:16,"00:19:40 (-2)",(-6),,"02:43:45 (-1)",,"03:46:43 (-2)",,,,00:47:08,
224,"team172 南京大学",4,09:19:31,"00:27:28 (-2)","03:19:11 (-5)",,(-10),,02:05:53,,,,01:06:59,
225,"team830 中国地质大学（北京）",4,09:26:43,"00:18:59 (-2)","01:23:08 (-3)",,,,"02:09:00 (-2)",,,,"02:35:36 (-2)",
226,"team873 复旦大学",4,09:28:16,"00:25:28 (-1)",,,"04:31:10 (-2)",,"01:26:13 (-2)",,,,"00:45:25 (-2)",
227,"team381 浙江科技学院",4,09:29:55,"00:39:18 (-4)","03:22:20 (-2)",,,,"02:11:29 (-1)",,,,00:56:48,
228,"team734 四川大学",4,09:37:26,"00:29:00 (-2)","02:57:42 (-1)",,03:44:59,,01:25:45,,,,,
229,"team1051 北京邮电大学",4,09:38:01,"00:29:11 (-2)","01:42:05 (-1)",(-1),,,02:16:31,,,,04:10:14,
230,"team844 西南科技大学",4,09:48:16,00:05:43,"01:48:33 (-1)",(-1),,,03:21:04,,,,"03:52:56 (-1)",
231,"team681 华中师范大学",4,09:58:55,00:12:29,(-4),,"04:50:41 (-1)",,"02:21:02 (-2)",,,,"01:14:43 (-1)",
232,"team292 青岛大学",4,10:00:11,"00:11:47 (-3)","03:16:46 (-6)",(-1),(-10),,02:29:13,,,,01:02:25,
233,"team651 东南大学",4,10:00:40,"00:05:05 (-1)","03:48:56 (-4)",,,,03:04:08,,,,01:22:31,
234,"team1066 重庆市育才中学",4,10:00:58,"00:19:28 (-1)","03:44:20 (-7)",,,,01:26:10,,,,"01:31:00 (-1)",
235,"team737 四川大学",4,10:03:04,"00:27:27 (-2)",(-4),,"03:34:22 (-1)",,04:11:52,,,,00:49:23,
236,"team163 中国计量大学",4,10:10:23,"00:33:44 (-4)",(-4),,01:13:41,,"04:06:08 (-2)",,,,02:16:50,
237,"team308 南京外国语学校",4,10:20:35,"00:22:15 (-3)",(-46),,"02:38:03 (-5)",,"02:33:33 (-1)",,,,"01:26:44 (-1)",
238,"team628 中国地质大学（武汉）",4,10:36:11,00:07:47,"04:32:40 (-4)",,,,"01:33:02 (-1)",,(-2),,"02:02:42 (-2)",
239,"team680 华中师范大学",4,10:37:48,"00:11:35 (-2)",(-2),,04:39:04,,"02:54:30 (-1)",,,,"01:32:39 (-1)",
240,"team637 成都信息工程大学",4,10:38:56,"00:10:21 (-1)",(-2),,02:45:37,,"04:45:40 (-6)",,,,00:37:18,
241,"team171 南京大学",4,10:39:29,"00:26:53 (-4)",(-10),,"04:07:23 (-4)",,02:38:19,,,,00:46:54,
242,"team106 浙江师范大学",4,10:41:53,"00:06:58 (-2)","03:17:28 (-3)",,(-3),,02:13:51,,,,"02:23:36 (-3)",
243,"team091 北京化工大学",4,11:03:15,00:17:14,"03:18:26 (-4)",,(-6),,"00:48:19 (-1)",,,,"04:19:16 (-2)",
244,"team199 中山市迪茵公学",4,11:17:42,"00:19:32 (-2)","04:40:10 (-7)",(-1),,,"01:22:41 (-1)",,(-1),,01:35:19,
245,"team914 国防科技大学",4,11:29:07,00:56:08,04:54:04,,,,03:08:51,,,,"02:10:04 (-1)",
246,"team527 华中科技大学",4,11:46:21,00:15:50,,,"04:45:44 (-4)",,02:55:36,,,,"02:09:11 (-1)",
247,"team877 复旦大学",4,11:56:31,"00:08:50 (-1)","03:26:08 (-1)",,,,"04:58:30 (-2)",,,,02:03:03,
248,"team110 东华大学",4,11:58:10,"00:13:11 (-2)","03:16:04 (-11)",(-10),,,02:58:03,,,,01:10:52,
249,"team358 广东工业大学",4,12:00:41,"01:02:01 (-4)","03:55:53 (-2)",,(-2),,"02:03:55 (-1)",,,,02:38:52,
250,"team866 长沙理工大学",4,12:08:03,"00:15:06 (-1)","02:23:58 (-5)",,,,"03:30:41 (-9)",,,,"00:38:18 (-1)",
251,"team991 浙江理工大学",4,12:14:51,"00:13:16 (-3)",(-7),(-1),"03:21:56 (-2)",,02:23:09,,,,"02:36:30 (-6)",
252,"team105 浙江师范大学",4,12:28:15,"00:16:22 (-1)",,(-5),"03:45:34 (-1)",,"01:43:58 (-2)",,(-1),,"03:42:21 (-5)",
253,"team831 中国地质大学（北京）",4,12:33:46,00:06:41,"04:29:34 (-5)",(-1),,,"03:13:40 (-1)",,,,"02:03:51 (-2)",
254,"team501 西南财经大学",4,12:42:15,"00:40:21 (-4)","02:01:13 (-1)",(-3),,,"04:29:47 (-1)",,,,"03:10:54 (-1)",
255,"team978 中山市中山纪念中学",4,12:44:56,"00:22:52 (-4)",,(-5),"02:21:11 (-4)",,03:56:10,,,,"02:24:43 (-3)",
256,"team530 华中科技大学",4,12:53:52,"00:22:05 (-1)",(-12),,"03:28:33 (-3)",,01:30:45,,,,"04:12:29 (-6)",
257,"team643 郑州轻工业大学",4,13:00:09,00:09:08,"03:18:12 (-5)",,,,"04:21:22 (-4)",,,,"01:31:27 (-2)",
258,"team343 湘潭大学",4,13:03:20,00:09:41,"04:56:10 (-10)",,,,02:46:29,,,,01:51:00,
259,"team692 同济大学",4,13:03:56,"00:09:24 (-1)","03:57:19 (-13)",,,,01:33:01,,,,02:44:12,
260,"team335 暨南大学",4,13:15:54,"00:27:16 (-3)","02:57:54 (-9)",(-23),,,02:17:31,,,,"02:33:13 (-3)",
261,"team552 福州大学",4,13:18:28,"00:31:12 (-2)",(-6),,03:51:58,,02:39:19,,,,"04:35:59 (-3)",
262,"team874 复旦大学",4,13:18:47,"00:24:04 (-4)",(-4),"04:14:25 (-2)",,,"04:05:01 (-1)",,,,02:15:17,
263,"team633 成都信息工程大学",4,13:23:11,"00:14:03 (-1)","04:00:39 (-9)",,"03:49:16 (-3)",,(-10),,,,00:59:13,
264,"team510 宁波大学",4,14:29:52,00:07:56,(-14),"04:40:48 (-2)",,,"03:40:30 (-1)",,,,"03:20:38 (-5)",
265,"team027 东北大学",4,14:30:51,00:06:47,(-3),"04:59:05 (-11)",,,"03:01:28 (-6)",,(-1),,00:43:31,
266,"team895 青岛科技大学",4,14:32:24,"00:17:57 (-2)","02:23:03 (-6)",,04:09:55,,"03:41:29 (-4)",,,,(-3),
267,"team566 电子科技大学",4,14:42:29,"00:14:33 (-2)",,,03:09:00,,04:45:12,,,,"04:13:44 (-5)",
268,"team1020 杭州电子科技大学",4,15:13:23,"03:00:12 (-2)",(-12),,03:23:09,(-2),03:23:54,,,,"03:46:08 (-3)",
269,"team897 北京科技大学",4,15:35:29,"00:45:31 (-3)","01:39:15 (-3)",,,,03:03:23,,,,"04:27:20 (-11)",
270,"team019 上海理工大学",4,16:06:58,00:06:09,"04:20:12 (-21)",(-12),,,03:24:11,,,,"00:56:26 (-1)",
271,"team776 华中农业大学",4,16:08:55,00:14:52,"04:13:05 (-10)",,(-1),,03:04:27,,,,"02:36:31 (-8)",
272,"team409 北京邮电大学",4,16:16:54,00:08:20,"03:19:39 (-8)",(-15),,,"04:11:45 (-12)",,,,"01:37:10 (-1)",
273,"team1027 清华大学附属中学",4,17:19:57,03:52:42,04:37:58,,,,04:20:53,,,,"04:08:24 (-1)",
274,"team158 浙大宁波理工学院",4,17:20:32,"00:41:58 (-4)","03:17:45 (-4)",(-6),,,04:20:54,,(-4),,"04:59:55 (-4)",
275,"team417 北京邮电大学",4,17:59:32,"00:22:14 (-2)","04:43:28 (-16)",,,,"04:25:22 (-5)",,,,00:48:28,
276,"team416 北京邮电大学",4,18:26:29,"00:13:27 (-1)","04:56:54 (-8)",,,,"04:49:23 (-1)",,,,"04:26:45 (-2)",
277,"team864 长沙理工大学",4,18:39:35,"00:10:06 (-1)","02:52:13 (-7)",,,,"04:59:17 (-13)",,,,"02:17:59 (-4)",
278,"team815 南京邮电大学",4,18:41:21,"00:08:47 (-3)","03:30:45 (-27)",(-2),,,02:25:53,,,,"00:55:56 (-5)",
279,"team875 复旦大学",3,03:37:17,"00:09:14 (-1)",(-10),,,,02:12:31,,,,00:55:32,
280,"team496 浙江农林大学暨阳学院",3,03:55:36,00:09:30,(-11),,,,02:32:04,,,,01:14:02,
281,"team772 河南工业大学",3,03:57:24,"00:13:28 (-1)",(-10),,,,"02:10:09 (-1)",,,,00:53:47,
282,"team985 金策工业综合大学（朝鲜）",3,04:23:24,"00:40:59 (-1)","01:15:19 (-2)",(-3),,,,,,,"00:47:06 (-2)",
283,"team405 北京邮电大学",3,04:29:37,"00:17:41 (-1)",(-5),(-2),,,01:02:17,,,,"02:09:39 (-2)",
284,"team047 浙江工业大学",3,04:35:36,"00:24:24 (-1)",(-8),,,,01:26:58,,,,02:24:14,
285,"team548 河南工业大学",3,04:40:35,00:13:26,(-4),,,,02:28:12,,,,"01:38:57 (-1)",
286,"team237 徐州工程学院",3,04:43:51,00:14:35,(-5),,,,"03:15:43 (-1)",,,,00:53:33,
287,"team559 福州大学",3,05:09:00,"00:15:32 (-3)",(-2),,,,"01:02:03 (-1)",,,,02:31:25,
288,"team845 浙江工商大学",3,05:09:12,00:06:18,(-3),,(-1),,"03:49:25 (-1)",,,,00:53:29,
289,"team131 南京信息工程大学",3,05:11:06,00:10:59,(-1),(-1),,,03:56:56,,,,01:03:11,
290,"team998 浙江理工大学",3,05:16:14,"00:18:11 (-3)",,(-9),,,02:04:07,,,,"01:13:56 (-2)",
291,"team1077 大连理工大学",3,05:25:38,"00:26:33 (-1)",,,,,01:16:01,,,,03:23:04,
292,"team185 广东工业大学",3,05:28:57,00:12:53,(-1),(-2),,,"02:58:38 (-2)",,,,"01:17:26 (-1)",
293,"team180 南京大学",3,05:33:27,"00:20:02 (-1)",(-2),,,,03:23:59,,,,"01:09:26 (-1)",
294,"team645 上海海事大学",3,05:34:51,"00:12:41 (-1)",,(-5),04:22:31,,(-7),,,,00:39:39,
295,"team188 广东工业大学",3,05:44:19,"00:19:29 (-3)",(-1),(-14),,,03:34:52,,,,00:49:58,
296,"team867 大连理工大学",3,05:45:19,"00:10:24 (-1)",(-3),,,,"03:31:11 (-1)",,,,01:23:44,
297,"team882 中南大学",3,05:45:26,"00:13:43 (-1)",,(-1),,,03:28:08,,,,"01:03:35 (-2)",
298,"team553 福州大学",3,05:45:51,"00:07:21 (-1)",(-3),,,,01:09:47,,,,04:08:43,
299,"team480 北方工业大学",3,06:00:42,"00:24:41 (-1)",,,,(-8),"02:57:05 (-2)",,,,"00:58:56 (-2)",
300,"team174 南京大学",3,06:04:30,"00:33:54 (-4)",(-5),,,,01:05:56,,,,03:04:40,
301,"team009 长乐一中",3,06:07:14,"00:06:04 (-1)",,(-5),,,"01:14:12 (-6)",,,,02:26:58,
302,"team696 同济大学",3,06:10:53,"00:13:39 (-1)",,,,,"01:53:13 (-1)",,,,03:24:01,
303,"team524 华中科技大学",3,06:26:24,"00:39:38 (-2)",(-1),,(-5),,"01:46:09 (-1)",,,,03:00:37,
304,"team070 常熟理工学院",3,06:29:06,00:08:28,"03:02:33 (-2)",,,,02:38:05,,,,(-9),
305,"team026 东北大学",3,06:32:14,"00:18:07 (-2)",(-1),,"03:17:51 (-3)",,(-3),,,,01:16:16,
306,"team176 南京大学",3,06:37:00,"00:28:51 (-1)",(-4),,,,02:59:52,,,,"02:08:17 (-2)",
307,"team453 河海大学",3,06:37:08,00:33:17,,(-4),,,"04:13:58 (-1)",,,,01:29:53,
308,"team511 宁波大学",3,06:41:53,00:05:12,(-4),,,,"03:10:34 (-4)",,,,02:06:07,
309,"team1071 中山市中山纪念中学",3,06:42:50,"00:17:10 (-3)",,,"01:37:04 (-2)",,(-1),,,,"02:28:36 (-2)",
310,"team518 大连海事大学",3,06:43:35,"00:21:52 (-1)",,(-1),,,01:59:57,,,,04:01:46,
311,"team921 华南师范大学",3,06:45:19,"00:17:08 (-2)",(-4),,,,"03:25:07 (-1)",,,,02:03:04,
312,"team558 福州大学",3,06:46:35,"00:11:04 (-1)",(-3),,(-4),04:56:07,01:19:24,,,,(-5),
313,"team546 大连海事大学",3,06:46:52,00:07:29,(-8),(-6),,,"03:56:33 (-5)",,,,01:02:50,
314,"team282 华东师范大学",3,06:48:29,"00:19:13 (-2)",(-11),,(-4),,"01:49:31 (-2)",,(-1),,"02:19:45 (-3)",
315,"team392 长安大学",3,06:50:29,00:32:32,(-2),,,,"03:21:08 (-1)",,,,02:36:49,
316,"team932 华南师范大学",3,06:51:09,00:05:42,"03:24:48 (-3)",,(-12),(-1),"02:00:39 (-1)",,,,,(-1)
317,"team355 武汉大学",3,06:55:09,"00:11:42 (-3)",,,04:19:47,,01:23:40,,,,(-7),
318,"team002 广西大学",3,06:57:01,"00:39:12 (-2)",,,,,"03:24:53 (-1)",,,,01:52:56,
319,"team876 复旦大学",3,07:04:29,"00:11:55 (-1)",,(-3),,,"04:02:10 (-2)",,,,"01:30:24 (-1)",
320,"team128 山西大学",3,07:08:09,00:35:48,(-1),,,,"04:31:23 (-2)",,,,01:20:58,
321,"team224 北京交通大学",3,07:15:01,00:07:12,(-5),(-3),,,03:05:47,,,,04:02:02,
322,"team695 同济大学",3,07:16:15,00:09:46,,,,,"04:36:59 (-1)",,,,02:09:30,
323,"team244 厦门理工学院",3,07:19:49,"01:15:55 (-2)",(-4),,,,04:33:57,,,,00:49:57,
324,"team326 合肥学院",3,07:20:58,"00:21:27 (-2)",,,,,04:19:33,,,,01:59:58,
325,"team1036 西北农林科技大学",3,07:23:32,00:32:52,(-2),,"04:58:21 (-2)",,,,,,"00:52:19 (-1)",
326,"team915 成都理工大学",3,07:31:51,"00:33:55 (-6)",(-5),,,,"02:51:04 (-1)",,,,01:46:52,
327,"team976 中山市中山纪念中学",3,07:33:50,"00:35:29 (-2)",,,,,"02:08:47 (-2)",,,,03:29:34,
328,"team053 中国民航大学",3,07:33:54,"00:15:07 (-2)",,(-14),,,"03:45:17 (-4)",,,,"01:13:30 (-1)",
329,"team283 华东师范大学",3,07:35:08,"00:17:14 (-2)",(-3),,(-4),,"02:48:47 (-1)",,,,"03:09:07 (-1)",
330,"team471 北方工业大学",3,07:36:00,"00:21:52 (-2)","02:54:01 (-5)",,,,(-1),,,,"01:20:07 (-2)",
331,"team672 南方科技大学",3,07:36:32,00:15:52,(-9),(-2),(-2),,"01:58:07 (-1)",,,,"03:22:33 (-5)",
332,"team701 吉林大学",3,07:36:55,"00:18:36 (-1)",,"02:41:04 (-2)",(-1),,"03:17:15 (-1)",,,,,
333,"team682 华中师范大学",3,07:37:47,00:17:43,(-7),,,,"04:04:46 (-1)",,,,02:55:18,
334,"team159 长沙学院",3,07:45:48,"00:18:57 (-1)",(-4),(-19),,,01:59:07,,,,"03:47:44 (-4)",
335,"team104 浙江师范大学",3,07:48:59,"00:12:48 (-1)",(-3),,,,"02:58:41 (-3)",,,,03:17:30,
336,"team427 浙江万里学院",3,08:05:56,"00:31:46 (-1)",(-5),,,,"02:20:57 (-1)",,,,"04:13:13 (-1)",
337,"team205 吉首大学",3,08:07:31,00:05:23,(-16),(-11),(-2),,03:08:17,,,,"04:13:51 (-2)",
338,"team324 福建师范大学",3,08:10:51,"00:23:27 (-2)",(-4),,(-11),,"03:41:32 (-3)",,,,02:25:52,
339,"team357 广东工业大学",3,08:14:13,"00:18:01 (-1)",(-12),,,,"03:41:12 (-6)",,,,"01:35:00 (-1)",
340,"team902 阜阳师范大学",3,08:17:19,"01:03:35 (-4)",,,,,03:54:53,,,,01:58:51,
341,"team327 合肥学院",3,08:18:17,00:09:33,(-3),,,,"04:25:37 (-1)",,,,"03:03:07 (-1)",
342,"team260 浙江农林大学",3,08:20:35,"01:16:31 (-1)",,,03:22:25,,,,,,03:21:39,
343,"team196 广东工业大学",3,08:20:56,00:11:01,04:20:39,(-15),,,"03:09:16 (-2)",,(-1),,,
344,"team107 浙江师范大学",3,08:22:45,"00:09:23 (-1)","01:57:35 (-3)",,,,"04:15:47 (-2)",,,,,
345,"team214 新疆大学",3,08:24:16,"00:09:07 (-1)","01:49:00 (-2)",,,,"03:46:09 (-5)",,,,(-2),
346,"team186 广东工业大学",3,08:24:17,"00:46:25 (-2)",,,,,04:53:11,,,,02:04:41,
347,"team562 电子科技大学",3,08:24:38,00:08:01,(-7),,,,"02:53:58 (-2)",,,,"04:02:39 (-2)",
348,"team760 重庆大学",3,08:26:09,"00:11:24 (-1)",(-4),,(-15),,"03:22:31 (-6)",,,,"01:12:14 (-4)",
349,"team155 浙大宁波理工学院",3,08:33:30,"00:12:37 (-1)","02:03:29 (-1)",,,,"04:57:24 (-2)",,,,(-5),
350,"team018 上海理工大学",3,08:41:25,"00:27:45 (-6)",,,"02:44:21 (-3)",,(-63),,,,"01:29:19 (-3)",
351,"team415 北京邮电大学",3,08:42:16,"00:14:58 (-1)","03:10:21 (-6)",(-1),,,"02:36:57 (-1)",,,,(-5),
352,"team122 山东理工大学",3,08:42:59,"00:16:59 (-2)",,,,,03:34:28,,,,04:11:32,
353,"team230 武汉大学",3,08:44:12,"00:11:12 (-1)",(-37),,,,"01:23:22 (-2)",,,,"04:29:38 (-5)",
354,"team081 北京理工大学",3,08:47:15,00:06:02,(-2),(-40),,,"03:27:59 (-2)",(-12),,(-2),04:33:14,
355,"team342 湘潭大学",3,08:51:02,"00:23:55 (-2)",(-2),(-12),,,"04:14:40 (-3)",,,,02:32:27,
356,"team323 福建师范大学",3,08:54:57,00:19:15,(-1),,,,"04:16:01 (-5)",,,,"01:59:41 (-2)",
357,"team382 浙江科技学院",3,08:55:03,"00:15:26 (-1)",(-18),(-3),,,04:29:51,,,,03:49:46,
358,"team513 宁波大学",3,09:06:51,"00:30:29 (-3)",,,,,"04:13:51 (-4)",,(-1),,"01:42:31 (-1)",
359,"team404 北京邮电大学",3,09:09:49,00:08:12,(-3),(-4),(-1),,"01:45:57 (-2)",,,,"04:35:40 (-6)",
360,"team125 山东理工大学",3,09:11:22,00:15:26,,,,,"04:55:20 (-1)",,,,"03:00:36 (-2)",
361,"team020 上海理工大学",3,09:14:22,00:07:28,"02:41:26 (-4)",,,,"04:05:28 (-3)",,,,,
362,"team410 北京邮电大学",3,09:30:39,"00:44:06 (-2)",,,,,"04:03:52 (-1)",,,,"02:42:41 (-3)",
363,"team738 四川大学",3,09:32:59,00:10:46,"03:41:37 (-2)",,,,,,,,"04:40:36 (-1)",
364,"team994 浙江理工大学",3,09:53:56,"00:25:10 (-3)",,,,,"04:08:26 (-5)",,,,02:40:20,
365,"team648 南通大学",3,09:59:19,"00:10:54 (-1)","04:22:42 (-1)",,,,"03:45:43 (-3)",,,,(-16),
366,"team344 天津工业大学",3,10:07:58,"00:21:22 (-3)",,,03:50:43,,"04:35:53 (-1)",,,,,
367,"team129 合肥工业大学宣城校区",3,10:13:08,"00:14:04 (-2)",(-7),(-1),,,"03:18:36 (-6)",,,,"02:40:28 (-4)",
368,"team555 福州大学",3,10:16:36,"00:24:23 (-2)",(-5),,,,"03:16:44 (-3)",,,,"04:35:29 (-1)",
369,"team330 浙江财经大学",3,10:21:52,00:14:32,(-3),,,,"03:08:23 (-1)",,,,"04:18:57 (-7)",
370,"team206 西南民族大学",3,10:29:09,00:11:00,"04:16:16 (-7)",,,,,,,,"03:21:53 (-1)",
371,"team388 南京邮电大学通达学院",3,10:32:51,"00:10:40 (-1)",,,(-4),,"04:22:46 (-12)",,,,01:39:25,
372,"team241 北京林业大学",3,10:35:40,"00:46:17 (-3)",,,,,"04:36:46 (-5)",,,,02:32:37,
373,"team197 广东工业大学",3,10:36:13,"00:34:09 (-3)","03:17:00 (-6)",,,,(-18),,,,03:45:04,
374,"team642 郑州轻工业大学",3,10:39:38,"00:25:49 (-2)",,,,,03:59:57,,,,"04:33:52 (-3)",
375,"team832 中国地质大学（北京）",3,10:41:21,"00:22:44 (-2)",(-2),,,,"04:17:16 (-10)",,,,02:01:21,
376,"team764 重庆大学",3,10:51:32,"00:58:36 (-2)",(-6),(-2),,,"04:46:19 (-9)",,,,01:26:37,
377,"team836 中国地质大学（北京）",3,10:53:32,"01:01:25 (-5)",,(-3),,(-1),"04:44:31 (-6)",,,,01:27:36,
378,"team190 广东工业大学",3,11:01:07,00:12:23,,,,,"04:50:36 (-4)",,,,"03:58:08 (-2)",
379,"team736 四川大学",3,11:05:35,"00:18:51 (-2)",(-10),,,,"03:54:46 (-5)",,,,"02:51:58 (-5)",
380,"team321 福建师范大学",3,11:26:34,00:12:24,,,,,"04:18:21 (-6)",,,,"02:55:49 (-6)",
381,"team372 重庆邮电大学",3,11:40:40,"00:08:17 (-1)",(-2),,,,"04:46:02 (-7)",,,,"03:46:21 (-1)",
382,"team023 东北大学",3,12:07:04,"00:30:34 (-4)",(-15),,"04:58:49 (-3)",,"03:17:41 (-3)",,,,(-2),
383,"team455 武汉商学院",3,12:23:32,"00:28:21 (-7)",,,,,"03:23:57 (-14)",,,,"01:11:14 (-1)",
384,"team1134 湖南师范大学附属中学",3,12:25:47,"00:17:44 (-1)",(-25),,,,"04:01:47 (-6)",,,,"02:26:16 (-10)",
385,"team232 浙江工商大学",3,12:52:29,"00:20:03 (-1)",(-1),,,,"03:53:13 (-7)",,,,"03:39:13 (-7)",
386,"team173 南京大学",3,13:10:00,00:16:50,,,,,"03:43:04 (-1)",,,,"02:30:06 (-19)",
387,"team112 福建工程学院",3,13:34:01,"00:20:33 (-2)",,,(-1),,"03:00:19 (-10)",,,,"04:53:09 (-4)",
388,"team833 中国地质大学（北京）",3,15:27:08,"00:06:34 (-1)","03:58:03 (-12)",(-5),,,(-2),,,,"03:42:31 (-10)",
389,"team469 武汉大学",3,17:55:49,"00:12:30 (-1)",(-2),(-9),,,01:32:01,"04:31:18 (-34)",,,,
390,"team980 中山大学",2,01:03:02,00:10:07,,,,,,,,,00:52:55,
391,"team170 南京大学",2,01:09:26,00:11:44,,,,,(-2),,,,00:57:42,
392,"team906 南京理工大学",2,01:17:41,"00:22:07 (-1)",(-5),,,,00:35:34,,,,(-22),
393,"team422 湖南大学",2,01:20:47,00:15:05,(-1),,,,,,,,"00:45:42 (-1)",
394,"team791 衢州第二中学",2,01:34:56,"00:15:14 (-1)",,,,,,,,,"00:39:42 (-1)",
395,"team975 中山市中山纪念中学",2,01:40:33,00:16:09,,,,,(-2),,,,"01:04:24 (-1)",
396,"team857 长春理工大学",2,01:52:50,00:06:14,(-9),,,,"01:26:36 (-1)",,,,,
397,"team893 青岛科技大学",2,02:10:03,00:07:04,,,,,02:02:59,,,(-1),(-11),
398,"team156 浙大宁波理工学院",2,02:10:13,00:13:14,,,,,(-6),,,,01:56:59,
399,"team479 北方工业大学",2,02:17:00,"00:46:13 (-1)",,,,,,,,,01:10:47,
400,"team322 福建师范大学",2,02:17:17,00:16:34,,,,,(-5),,,,02:00:43,
401,"team111 福建工程学院",2,02:18:36,"00:11:21 (-1)",(-24),,,,01:47:15,,,,(-32),
402,"team1046 雅礼中学",2,02:27:24,"00:25:03 (-1)",01:42:21,,,,(-1),,(-1),,(-15),
403,"team211 中国传媒大学",2,02:32:43,"00:13:50 (-1)",,(-4),,,01:58:53,,,,,
404,"team361 中南民族大学",2,02:35:28,00:12:39,(-4),(-3),,,(-4),,,,02:22:49,
405,"team703 吉林大学",2,02:36:12,"00:17:39 (-3)",(-5),,,,01:18:33,,,,(-4),
406,"team1037 西北农林科技大学",2,02:36:38,00:06:11,"01:50:27 (-2)",,,,(-5),,,,(-1),
407,"team748 上海理工大学",2,02:39:50,"00:17:26 (-1)","01:42:24 (-1)",,,,,,,,(-1),
408,"team354 武汉大学",2,02:45:17,"00:05:53 (-2)",(-9),(-1),,,01:59:24,,,,(-5),
409,"team395 长安大学",2,02:46:57,00:19:46,,,,,,,,,02:27:11,
410,"team373 重庆邮电大学",2,02:49:40,00:10:28,(-7),,,,"01:59:12 (-2)",,,,,
411,"team661 湖南城市学院",2,02:51:09,"00:26:25 (-1)",,,,,,,,,"01:44:44 (-1)",
412,"team711 中国矿业大学",2,02:54:41,"00:35:02 (-4)",,,,,,,,,00:59:39,
413,"team744 湖南人文科技学院",2,02:57:19,"00:17:16 (-3)",,(-4),(-8),,01:40:03,,,,(-5),
414,"team596 天津大学",2,03:05:02,00:08:42,(-3),,,,02:56:20,,,,(-7),
415,"team032 浙江中医药大学",2,03:10:35,"00:10:16 (-1)",(-1),(-3),(-3),,"02:20:19 (-1)",,,,(-1),
416,"team121 山东理工大学",2,03:12:19,00:16:11,(-18),,,,02:56:08,,,,(-13),
417,"team714 中国矿业大学",2,03:15:42,"00:11:39 (-1)",,,,,(-8),,,,"02:04:03 (-2)",
418,"team933 华南师范大学",2,03:22:30,"00:23:23 (-2)",(-4),(-1),,,"01:59:07 (-1)",,,,,
419,"team805 南京邮电大学",2,03:24:24,"00:22:53 (-2)",,,,,02:21:31,,,,(-4),
420,"team694 同济大学",2,03:26:58,"00:13:35 (-2)",,,,,02:33:23,,,,(-4),
421,"team259 浙江农林大学",2,03:30:09,00:19:22,,,,,"02:50:47 (-1)",,,,,
422,"team412 北京邮电大学",2,03:31:28,"00:20:54 (-2)",,,,,"01:50:34 (-2)",,,,(-7),
423,"team136 南京信息工程大学",2,03:31:32,00:14:06,(-2),(-8),(-1),,(-10),,,,"02:57:26 (-1)",
424,"team117 黑龙江大学",2,03:31:50,00:20:20,(-1),,,,(-1),,,,"02:51:30 (-1)",
425,"team865 长沙理工大学",2,03:35:50,"00:31:22 (-3)",(-2),(-1),,,(-2),,,,"01:44:28 (-1)",(-1)
426,"team095 北京化工大学",2,03:38:08,00:07:17,(-17),,,,"03:10:51 (-1)",,,,,
427,"team751 上海大学",2,03:38:43,00:08:06,,,,,(-1),,,,"03:10:37 (-1)",
428,"team004 广西大学",2,03:39:26,00:21:23,,,,,,,,,03:18:03,
429,"team411 北京邮电大学",2,03:40:30,"00:34:01 (-3)",(-13),,,,02:06:29,,,,(-6),
430,"team614 哈尔滨理工大学",2,03:42:54,00:14:33,,,,,,,,,03:28:21,
431,"team535 南京工业大学",2,03:43:26,00:36:42,(-5),,,,,,,,"02:26:44 (-2)",
432,"team848 哈尔滨工业大学（威海）",2,03:44:46,"00:17:29 (-3)",,,,,,,,,02:27:17,
433,"team280 吉首大学",2,03:46:32,"00:14:19 (-1)",,,,,03:12:13,,,,(-2),
434,"team486 莆田学院",2,03:47:25,"00:14:51 (-1)",(-4),(-9),,,"02:32:34 (-2)",,,,,
435,"team168 闽南师范大学",2,03:49:54,00:18:53,,,,,"03:11:01 (-1)",,,,(-5),
436,"team240 北京林业大学",2,03:53:56,00:09:51,(-8),,,,,,,,"03:24:05 (-1)",
437,"team494 湖南农业大学",2,03:53:57,"00:17:45 (-1)",,,,,,,,,"02:56:12 (-1)",
438,"team046 浙江工业大学",2,03:54:02,"00:19:20 (-2)",,,,,02:54:42,,,,(-7),
439,"team123 山东理工大学",2,03:56:52,"00:26:13 (-2)",,,,,(-3),,,,02:50:39,
440,"team289 江西师范大学",2,03:57:02,"00:31:29 (-2)",,,,,"02:25:33 (-1)",,,,(-6),
441,"team391 长安大学",2,04:05:04,"00:09:03 (-2)",,,(-1),,03:16:01,,,,(-5),
442,"team151 浙大宁波理工学院",2,04:05:24,00:12:14,(-44),,,,"02:53:10 (-3)",,,,,
443,"team1140 北京邮电大学",2,04:05:53,"00:17:28 (-1)",,,,,"02:48:25 (-2)",,,,,
444,"team402 北京邮电大学",2,04:06:58,00:09:53,(-22),,,,,,(-10),,"03:37:05 (-1)",
445,"team1112 南阳理工学院",2,04:07:27,00:08:31,(-2),,,,03:58:56,,,,,
446,"team215 成都东软学院",2,04:13:03,"00:24:06 (-2)",,,,,,,,,"02:48:57 (-1)",
447,"team881 中南大学",2,04:14:07,"00:26:26 (-3)",(-3),,,,02:47:41,,,,(-3),
448,"team147 浙大城市学院",2,04:21:07,00:09:28,,(-10),,,04:11:39,,,,(-2),
449,"team200 中山市迪茵公学",2,04:23:34,"00:28:15 (-1)",(-1),,,,"03:15:19 (-1)",,,,(-1),
450,"team094 北京化工大学",2,04:25:49,"00:33:52 (-3)",(-4),,,,02:51:57,,,,,
451,"team461 东北师范大学",2,04:26:31,00:12:46,,,,,"03:53:45 (-1)",,,,,
452,"team894 青岛科技大学",2,04:30:21,"00:33:35 (-2)",(-3),(-2),,,,,,,03:16:46,
453,"team146 浙大城市学院",2,04:30:43,"00:34:44 (-6)",,01:55:59,,,,,(-3),,,
454,"team693 同济大学",2,04:34:11,00:26:18,,,,,,,,,"03:47:53 (-1)",
455,"team1060 上海师范大学",2,04:34:21,"00:13:57 (-1)",,(-7),,,"03:00:24 (-3)",,,,(-1),
456,"team554 福州大学",2,04:36:33,00:17:16,(-7),,,,"03:59:17 (-1)",,,,,
457,"team557 福州大学",2,04:42:01,"00:25:30 (-2)",(-2),,,,"03:16:31 (-1)",,,,(-2),
458,"team727 安徽大学",2,04:46:43,"00:11:46 (-2)","02:54:57 (-3)",(-2),,,,,,,(-7),
459,"team458 上海海洋大学",2,04:47:10,00:09:36,(-3),,,,"03:37:34 (-3)",,,,(-2),
460,"team441 安徽工业大学",2,04:49:32,00:21:36,,,,,"04:07:56 (-1)",,,,(-5),
461,"team408 北京邮电大学",2,04:49:36,00:10:27,(-1),(-1),,,"04:19:09 (-1)",,,,(-6),
462,"team995 浙江理工大学",2,04:49:50,"00:41:40 (-1)",,(-1),,,,,,,03:48:10,
463,"team813 南京邮电大学",2,04:51:14,"00:23:09 (-2)",(-4),(-2),,,(-2),,,,03:48:05,
464,"team429 浙江万里学院",2,04:54:23,"00:19:03 (-3)",(-8),,,,"02:55:20 (-2)",,,,,
465,"team556 福州大学",2,05:05:25,"00:36:29 (-6)",,(-15),,,02:28:56,,,,,
466,"team612 哈尔滨理工大学",2,05:05:47,"00:50:42 (-5)",,,,,(-32),,,,"01:55:05 (-2)",
467,"team649 南通大学",2,05:06:42,"00:12:51 (-1)","03:33:51 (-3)",,,,(-2),,,,,
468,"team1072 中山市中山纪念中学",2,05:07:47,"00:56:08 (-2)",,,,,,,,,"02:51:39 (-2)",
469,"team347 天津工业大学",2,05:07:59,"00:44:17 (-4)",,,,,03:03:42,,,,(-22),
470,"team451 河海大学",2,05:08:39,00:32:47,"03:35:52 (-3)",,,,(-2),,,,,
471,"team366 中南民族大学",2,05:08:54,00:15:23,(-1),,,,,,,,"03:33:31 (-4)",
472,"team135 南京信息工程大学",2,05:14:36,00:12:34,,,,,"04:22:02 (-2)",,,,(-4),
473,"team114 福建工程学院",2,05:18:04,"00:44:41 (-4)",(-3),,,,"02:33:23 (-2)",,,,,
474,"team599 天津大学",2,05:18:14,"00:50:36 (-5)",,,,,"01:47:38 (-3)",,,,(-8),
475,"team096 北京化工大学",2,05:19:51,"00:20:08 (-2)",,,,,"03:59:43 (-1)",,,,(-4),
476,"team810 南京邮电大学",2,05:20:03,"00:29:39 (-1)",,,,,,,,,"03:30:24 (-3)",
477,"team144 浙大城市学院",2,05:21:12,"00:15:57 (-1)",,(-17),,,04:45:15,,,,,
478,"team773 河南工业大学",2,05:24:37,"00:14:31 (-1)",,,,,(-3),,,,"02:30:06 (-7)",
479,"team346 天津工业大学",2,05:25:35,"00:44:30 (-1)",(-3),,,,"04:01:05 (-1)",,,,,
480,"team600 天津大学",2,05:29:01,"00:19:18 (-2)",,(-5),,,"03:49:43 (-2)",,,,,
481,"team212 中国传媒大学",2,05:30:07,00:15:59,,(-4),,,"04:14:08 (-3)",,,,(-2),
482,"team512 宁波大学",2,05:30:42,"00:51:52 (-2)",,(-1),,,03:58:50,,,,,
483,"team264 苏州大学",2,05:32:30,"00:14:29 (-2)",,"03:58:01 (-2)",,,(-1),,,,(-1),
484,"team287 华东师范大学",2,05:37:30,"00:25:40 (-1)",,,,,(-1),,,,"03:51:50 (-3)",
485,"team044 浙江工业大学",2,05:37:51,"00:35:37 (-3)",(-5),,,,"03:02:14 (-3)",,,,(-8),
486,"team485 佛山科学技术学院",2,05:41:09,"00:08:11 (-1)",(-15),,,,"03:12:58 (-6)",,,,(-21),
487,"team325 合肥学院",2,05:42:53,"00:36:20 (-5)",(-3),,,,"02:46:33 (-2)",,,,(-3),
488,"team399 西安电子科技大学",2,05:49:39,00:12:50,"03:36:49 (-6)",,,,(-1),,,,(-4),
489,"team728 安徽大学",2,05:52:27,"00:40:51 (-8)",(-15),,,,"01:51:36 (-2)",,,,,
490,"team407 北京邮电大学",2,05:53:50,"00:39:19 (-4)",,(-6),,,03:54:31,,,,(-5),
491,"team440 重庆工程学院",2,05:54:13,"00:31:41 (-6)",(-10),,,,(-1),,,,"03:02:32 (-1)",
492,"team918 成都理工大学",2,05:54:31,"00:36:57 (-2)",(-1),,,,"03:57:34 (-2)",,,,(-4),
493,"team516 宁波大学",2,05:56:05,"00:34:09 (-4)",(-1),(-27),,,04:01:56,,,,(-1),
494,"team118 黑龙江大学",2,05:56:27,"00:20:50 (-1)",,,,,"04:35:37 (-2)",,,,(-1),
495,"team1081 南京理工大学",2,06:03:58,"00:16:20 (-1)","04:47:38 (-2)",,(-1),,,,,,(-2),
496,"team194 广东工业大学",2,06:07:31,"00:13:09 (-3)","03:34:22 (-4)",,,,(-5),,,,,
497,"team227 徐州工程学院",2,06:08:21,00:07:58,,,,,"04:40:23 (-4)",,,,(-5),
498,"team885 中南大学",2,06:11:24,"00:12:55 (-2)",(-1),,,,"04:58:29 (-1)",,,,,
499,"team093 北京化工大学",2,06:11:55,00:05:24,,,,,"04:06:31 (-6)",,,,,
500,"team221 北京交通大学",2,06:14:13,"00:54:08 (-3)",,,(-1),,,,,,"03:40:05 (-2)",
501,"team1048 华南师范大学",2,06:18:09,"00:22:14 (-2)",(-6),,,,"03:55:55 (-4)",,,,(-2),
502,"team1132 浙江理工大学",2,06:22:47,"00:37:36 (-2)",,"04:05:11 (-3)",,,,,,,(-4),
503,"team665 湖南城市学院",2,06:24:20,"00:23:11 (-3)",,"03:41:09 (-4)",(-2),,(-3),,,,,
504,"team337 暨南大学",2,06:24:41,"00:24:00 (-2)",(-1),"03:40:41 (-5)",,,,,,,,
505,"team618 南昌大学",2,06:25:21,"00:24:54 (-2)",,"04:00:27 (-4)",,,(-3),,,,(-1),
506,"team414 北京邮电大学",2,06:26:19,"00:37:09 (-4)",(-1),,,,(-6),,,,04:29:10,
507,"team489 莆田学院",2,06:27:10,"00:30:18 (-2)",(-1),,(-4),,"04:56:52 (-1)",,,,,
508,"team1058 大连大学",2,06:29:05,"00:37:39 (-3)",,,,,"03:51:26 (-3)",,,,,
509,"team273 安阳工学院",2,06:34:14,"00:16:02 (-1)",,,,,,,,,"02:58:12 (-9)",
510,"team195 广东工业大学",2,06:35:42,"00:18:42 (-1)",(-8),,,,(-1),,,,"03:57:00 (-6)",
511,"team189 广东工业大学",2,06:41:58,"00:28:12 (-2)","04:33:46 (-3)",,,,(-3),,,,,
512,"team1029 南京理工大学",2,06:45:08,"00:16:13 (-1)",,(-2),,,"04:48:55 (-4)",,,,(-4),
513,"team598 天津大学",2,06:45:35,"01:04:01 (-7)",(-5),,,,03:21:34,,,(-1),(-9),
514,"team1038 西北农林科技大学",2,06:51:27,"00:18:17 (-1)",,,,,"04:53:10 (-4)",,,,(-4),
515,"team386 浙江科技学院",2,06:56:18,"00:47:06 (-3)","04:29:12 (-2)",,,,,,,,,
516,"team465 武汉大学",2,07:01:23,"01:06:36 (-2)",(-1),,,,(-5),,,,"04:54:47 (-1)",
517,"team1142 山河大学",2,07:05:24,"00:44:07 (-1)",,,,,,,,,"04:21:17 (-5)",
518,"team090 武汉大学",2,07:08:15,00:21:56,,(-6),,,"04:46:19 (-6)",,,,,
519,"team625 绍兴文理学院",2,07:08:50,"01:23:56 (-11)",,,,,,,,,02:04:54,
520,"team145 浙大城市学院",2,07:17:30,"00:28:26 (-5)",,(-2),,,"04:49:04 (-1)",,,,(-4),
521,"team631 中国地质大学（武汉）",2,07:41:00,"00:55:18 (-6)",,,,,04:45:42,,,,,
522,"team936 华南师范大学",2,07:47:02,"00:40:07 (-1)",,(-4),,,"04:46:55 (-6)",,,,,
523,"team338 暨南大学",2,07:47:49,"00:19:49 (-2)",(-8),(-4),,,"04:28:00 (-7)",,,,,
524,"team166 韶关学院",2,07:59:15,"01:36:27 (-5)",04:42:48,,,,(-4),,,,(-5),
525,"team462 东北师范大学",2,08:00:33,"00:29:49 (-12)",(-8),,,,"03:10:44 (-1)",(-1),(-6),,,
526,"team083 华东理工大学",2,08:06:26,"00:31:30 (-1)",,,,,,,,,"04:54:56 (-7)",
527,"team024 东北大学",2,08:13:30,00:08:51,(-27),"04:44:39 (-10)",,,,,,,,
528,"team782 深圳市耀华实验学校",2,08:24:57,"03:23:29 (-2)",,,,,"04:01:28 (-1)",,,,,
529,"team007 个人信息账号",2,09:09:46,"00:11:57 (-2)","04:57:49 (-10)",,,,(-13),,,(-1),(-2),
530,"team1041 南昌理工学院",2,09:52:57,"00:22:38 (-5)",(-10),,,,"04:30:19 (-10)",,,,,
531,"team481 北方工业大学",2,10:01:19,"01:36:55 (-10)",,,,,"04:24:24 (-2)",,,,(-4),
532,"team098 北京化工大学",2,10:09:17,"00:25:57 (-3)",,,,,"04:23:20 (-13)",,,,,
533,"team610 哈尔滨理工大学",2,10:14:17,"00:41:33 (-9)",(-13),,,,(-9),,,,"03:52:44 (-8)",
534,"team345 天津工业大学",2,10:50:04,"00:44:02 (-3)",(-2),"04:26:02 (-14)",,,,,,,(-1),
535,"team690 安徽师范大学",2,12:59:02,"02:24:24 (-3)",(-1),,,,"04:54:38 (-14)",,,,,
536,"team148 浙大城市学院",2,14:09:42,"01:01:26 (-4)",(-4),"04:48:16 (-21)",,,(-1),,,,,
537,"team359 湖南警察学院",2,15:56:51,"01:50:57 (-24)",,(-4),,,"03:25:54 (-8)",,,,(-1),
538,"team235 浙江工商大学",2,35:20:05,"00:14:45 (-6)",(-2),(-1),(-4),,"04:45:20 (-85)",,(-1),,(-30),
539,"team068 常熟理工学院",1,00:06:45,00:06:45,,,,(-5),(-4),,,,,
540,"team755 上海大学",1,00:06:53,00:06:53,,,,,,,,,(-3),
541,"team1040 西北农林科技大学",1,00:07:07,00:07:07,(-2),,,,,,,,,
542,"team626 绍兴文理学院",1,00:07:15,00:07:15,,,,,(-1),,,,(-8),
543,"team753 上海大学",1,00:07:17,00:07:17,,,,,,,,,(-1),
544,"team859 长春理工大学",1,00:07:58,00:07:58,(-1),,,,,,,,,
545,"team519 武汉纺织大学",1,00:08:35,00:08:35,,,,,,,,,,
546,"team1059 武汉大学",1,00:08:59,00:08:59,,,,,(-1),,,,(-6),
547,"team153 浙大宁波理工学院",1,00:09:18,00:09:18,,(-4),,,,,,,,
548,"team005 扬州大学",1,00:09:22,00:09:22,(-2),,(-1),,,,,,(-1),
549,"team025 东北大学",1,00:09:47,00:09:47,(-4),(-11),,,,(-1),(-2),,(-3),(-1)
550,"team883 中南大学",1,00:09:58,00:09:58,,,,,,,,,,
551,"team634 成都信息工程大学",1,00:10:07,00:10:07,,,,,,,,,,
552,"team291 青岛大学",1,00:10:24,00:10:24,(-2),(-1),,,(-20),,,,(-13),
553,"team234 浙江工商大学",1,00:10:52,00:10:52,,,,,(-1),,,,(-13),
554,"team858 长春理工大学",1,00:10:53,00:10:53,(-24),,(-3),,(-7),,,,(-2),
555,"team632 山东大学（威海）",1,00:11:04,00:11:04,,,,,,,,,(-4),
556,"team265 苏州大学",1,00:11:22,00:11:22,,(-8),,,(-18),,,(-1),(-1),
557,"team374 重庆邮电大学",1,00:11:27,00:11:27,,,,,(-11),,,,(-7),
558,"team749 上海理工大学",1,00:11:30,00:11:30,,(-2),,,,,,,,
559,"team152 浙大宁波理工学院",1,00:11:35,00:11:35,(-7),,,,(-1),,,,,
560,"team537 南京工业大学",1,00:11:35,00:11:35,(-3),(-8),,,(-7),,,,(-2),
561,"team031 浙江中医药大学",1,00:11:59,00:11:59,,,,,,,,,(-2),
562,"team210 中国传媒大学",1,00:12:17,00:12:17,(-11),,,,(-3),,,,,
563,"team754 上海大学",1,00:12:19,00:12:19,,,,,(-1),,,,,
564,"team339 暨南大学",1,00:12:28,00:12:28,(-3),(-15),,,,,,,(-9),
565,"team615 哈尔滨理工大学",1,00:12:49,00:12:49,(-1),,,,,,,,(-2),
566,"team157 浙大宁波理工学院",1,00:13:09,00:13:09,(-16),(-1),(-3),,(-4),,,,(-1),
567,"team506 西南财经大学",1,00:13:09,00:13:09,,,,,,,,,(-4),
568,"team476 北方工业大学",1,00:13:28,00:13:28,(-9),,(-2),,,,,,,
569,"team917 成都理工大学",1,00:13:46,00:13:46,(-1),(-2),,,(-2),,,,,
570,"team202 南昌航空大学",1,00:14:17,00:14:17,(-1),,,,(-1),,,,(-19),
571,"team549 绍兴文理学院",1,00:14:44,00:14:44,,,,,,,,,(-5),
572,"team667 湖南城市学院",1,00:14:45,00:14:45,,,,,,,,,(-4),
573,"team216 成都东软学院",1,00:15:12,00:15:12,,,,,(-2),,,,,
574,"team868 五邑大学",1,00:15:53,00:15:53,,,,,,,,,(-1),
575,"team333 浙江财经大学",1,00:16:02,00:16:02,,,,,(-1),,,,(-4),
576,"team1043 南昌理工学院",1,00:16:06,00:16:06,,,,,(-2),,,,,
577,"team445 安徽工业大学",1,00:16:21,00:16:21,,,,,,,,,(-1),
578,"team126 山东理工大学",1,00:17:09,00:17:09,,,,,,,,,,
579,"team1133 浙江理工大学",1,00:17:25,00:17:25,,,,,,,,,(-5),
580,"team377 中原工学院",1,00:17:32,00:17:32,(-21),,,,(-2),,,,,
581,"team268 苏州大学",1,00:18:08,00:18:08,,,,,,,,,(-2),
582,"team1042 南昌理工学院",1,00:18:59,00:18:59,(-5),,,,,,,,,
583,"team299 嘉兴学院",1,00:20:08,00:20:08,,,,,,,,,,
584,"team664 湖南城市学院",1,00:21:07,00:21:07,,,,,(-5),,,,,
585,"team743 武昌理工学院",1,00:23:12,00:23:12,,,,,,,,,(-6),
586,"team923 华南师范大学",1,00:23:18,00:23:18,,,,,(-2),,,,(-4),
587,"team890 青岛科技大学",1,00:24:10,00:24:10,,,,,,,,,(-2),
588,"team911 国防科技大学",1,00:25:22,00:25:22,,,,,,,,,,
589,"team630 中国地质大学（武汉）",1,00:25:37,00:25:37,(-12),,,,,,,,(-1),
590,"team706 吉林大学",1,00:26:36,00:26:36,,,,(-2),,,,,,
591,"team547 大连海事大学",1,00:26:39,00:26:39,,,,,,,,,(-5),
592,"team1044 南昌理工学院",1,00:28:04,00:28:04,,,,,,,,,,
593,"team970 中山市中山纪念中学",1,00:29:13,00:29:13,,,,,,,,,,
594,"team442 安徽工业大学",1,00:29:44,"00:09:44 (-1)",,,,,(-2),,,,(-4),
595,"team880 中南大学",1,00:30:09,"00:10:09 (-1)",,,,,,,,,,
596,"team1137 华东师范大学",1,00:30:35,,,,,,,,,,00:30:35,
597,"team369 广东东软学院",1,00:31:08,"00:11:08 (-1)",(-1),,,,,,,,,
598,"team851 江苏科技大学",1,00:31:14,"00:11:14 (-1)",,,,,,,,,,
599,"team843 西南科技大学",1,00:31:46,"00:11:46 (-1)",(-3),,,,(-1),,,,(-6),
600,"team203 南昌航空大学",1,00:31:51,"00:11:51 (-1)",,,,,(-1),(-19),,,,
601,"team288 江西师范大学",1,00:31:53,"00:11:53 (-1)",(-4),,,,(-2),,,,(-2),
602,"team082 衡水学院",1,00:32:36,"00:12:36 (-1)",,,,,,,,,,
603,"team1039 西北农林科技大学",1,00:32:46,"00:12:46 (-1)",,,(-1),,,,,,,
604,"team929 华南师范大学",1,00:32:51,"00:12:51 (-1)",(-1),,,,,,(-2),,(-10),
605,"team380 武汉科技大学",1,00:32:56,"00:12:56 (-1)",,(-1),(-1),,(-3),,,,,
606,"team238 鲁东大学",1,00:33:07,"00:13:07 (-1)",(-1),,,,(-16),,,,(-14),
607,"team809 南京邮电大学",1,00:33:12,"00:13:12 (-1)",(-5),(-4),,,,,,,(-28),
608,"team622 南昌大学",1,00:33:56,"00:13:56 (-1)",(-1),,(-3),,(-5),,,,(-15),
609,"team745 嘉应学院",1,00:34:05,"00:14:05 (-1)",(-51),,,,(-8),,,,,
610,"team639 重庆科技学院",1,00:34:58,"00:14:58 (-1)",,(-2),,,,,,,,
611,"team922 华南师范大学",1,00:35:13,"00:15:13 (-1)",,(-8),,,,,,,,
612,"team1017 杭州电子科技大学",1,00:35:26,"00:15:26 (-1)",,,,,,,,,,
613,"team127 山东理工大学",1,00:36:01,"00:16:01 (-1)",(-5),,,,(-4),,,,(-1),
614,"team683 华中师范大学",1,00:36:08,"00:16:08 (-1)",,,,,(-3),,,,(-10),
615,"team267 苏州大学",1,00:36:14,"00:16:14 (-1)",,,,,,,,,(-1),
616,"team916 成都理工大学",1,00:36:37,"00:16:37 (-1)",,,,,,,,,(-3),
617,"team192 广东工业大学",1,00:37:43,"00:17:43 (-1)",(-3),,,,(-9),,,,,
618,"team919 成都理工大学",1,00:37:53,00:37:53,(-3),,,,(-1),,,,,
619,"team635 成都信息工程大学",1,00:38:17,"00:18:17 (-1)",(-18),,,,,,,,(-7),
620,"team474 北方工业大学",1,00:38:45,"00:18:45 (-1)",,,,,,,,,(-4),
621,"team604 天津大学",1,00:39:10,"00:19:10 (-1)",(-9),,,,(-8),,,,(-3),
622,"team271 安阳工学院",1,00:39:27,"00:19:27 (-1)",(-7),(-1),,,(-17),,,,,
623,"team293 武汉大学",1,00:39:40,"00:19:40 (-1)",,,,,,,,,(-17),
624,"team968 江西中医药大学",1,00:39:54,"00:19:54 (-1)",,,,,,,,,,
625,"team756 上海大学",1,00:40:03,"00:20:03 (-1)",,,,,,,,,(-3),
626,"team208 北京理工大学珠海学院",1,00:41:46,"00:21:46 (-1)",,,,,,,,,(-11),
627,"team607 江南大学",1,00:41:54,"00:21:54 (-1)",(-2),(-2),,,,,,,,
628,"team654 东南大学",1,00:42:06,00:42:06,,,,,,,,,,
629,"team389 南京邮电大学通达学院",1,00:42:10,"00:22:10 (-1)",(-4),(-1),,,(-2),,,,,
630,"team450 河海大学",1,00:42:24,"00:22:24 (-1)",,(-8),,,,,,,,
631,"team617 南昌大学",1,00:42:31,"00:22:31 (-1)",(-2),,,,,,,,,
632,"team1061 上海师范大学",1,00:42:41,00:42:41,,,,,,,,,,
633,"team276 安阳工学院",1,00:42:44,"00:22:44 (-1)",,,,,,,,,(-2),
634,"team1114 泉州七中",1,00:44:15,"00:24:15 (-1)",(-1),,,,,,,,,
635,"team759 上海大学",1,00:44:29,"00:24:29 (-1)",,,,,,,,,,
636,"team1080 大连理工大学",1,00:45:11,"00:25:11 (-1)",,,,,,,,,,
637,"team499 聊城大学",1,00:45:26,00:45:26,,,,,(-1),,(-5),,(-1),
638,"team310 南京外国语学校",1,00:45:29,"00:25:29 (-1)",,(-2),,,,,,,,
639,"team540 苏州科技大学",1,00:45:41,"00:25:41 (-1)",,,,,,,,,(-1),
640,"team487 莆田学院",1,00:45:53,"00:25:53 (-1)",,,,,,,,,,
641,"team655 东南大学",1,00:45:58,"00:05:58 (-2)",,,,,,,,,(-9),
642,"team763 重庆大学",1,00:46:03,"00:26:03 (-1)",(-3),,,,(-1),,,,(-1),
643,"team218 成都东软学院",1,00:46:27,"00:26:27 (-1)",(-5),,,,,,,,(-9),
644,"team663 湖南城市学院",1,00:46:48,00:46:48,,(-2),,,(-4),,,,,
645,"team704 吉林大学",1,00:47:51,"00:27:51 (-1)",,,,,,,,,,
646,"team646 上海海事大学",1,00:48:08,"00:28:08 (-1)",,,,,,,,,,
647,"team605 江南大学",1,00:48:30,"00:28:30 (-1)",(-1),,,,,,,,,
648,"team266 苏州大学",1,00:48:45,"00:28:45 (-1)",,,,,,,,,,
649,"team193 广东工业大学",1,00:49:53,"00:29:53 (-1)",(-6),,,,(-1),,,,(-1),
650,"team251 浙江育英职业技术学院",1,00:50:46,"00:30:46 (-1)",,,,,,,,,,
651,"team065 常熟理工学院",1,00:50:59,"00:10:59 (-2)",(-1),,,,,,,,,
652,"team228 徐州工程学院",1,00:51:58,"00:11:58 (-2)",(-4),,,,(-2),,,,(-6),
653,"team049 浙江工业大学",1,00:52:07,"00:12:07 (-2)",(-2),,,,(-7),,(-1),,(-4),
654,"team431 河南工程学院",1,00:52:27,"00:32:27 (-1)",,,,,,,,,(-1),
655,"team229 徐州工程学院",1,00:53:03,"00:13:03 (-2)",(-1),,,,,,,,(-2),
656,"team855 天津仁爱学院",1,00:53:11,"00:13:11 (-2)",(-2),,,,,,,,(-7),
657,"team064 常熟理工学院",1,00:53:22,"00:13:22 (-2)",,,,,,,,,(-2),
658,"team108 南阳师范学院",1,00:53:32,"00:33:32 (-1)",,,,,(-1),,,,,
659,"team099 江西财经大学",1,00:53:39,"00:33:39 (-1)",,,(-6),,,,,,(-3),
660,"team209 北京理工大学珠海学院",1,00:54:28,"00:14:28 (-2)",(-5),,,,,,,,(-5),
661,"team376 重庆邮电大学",1,00:55:29,"00:35:29 (-1)",,,,,,,,,(-2),
662,"team735 四川大学",1,00:56:48,"00:16:48 (-2)",,,,,(-8),,,,,
663,"team035 浙江中医药大学",1,00:56:57,"00:36:57 (-1)",,,,,,,,,,
664,"team434 河南工程学院",1,00:57:13,"00:37:13 (-1)",,,,,,,,,,
665,"team088 深圳技术大学",1,00:57:25,"00:17:25 (-2)",(-4),,,,,,,,,
666,"team636 成都信息工程大学",1,00:58:21,"00:18:21 (-2)",,,,,(-1),,(-6),,(-2),
667,"team284 华东师范大学",1,01:00:43,"00:20:43 (-2)",,(-1),,,(-6),,,,,
668,"team603 天津大学",1,01:02:42,"00:22:42 (-2)",,,,,,,,,(-12),
669,"team889 华侨大学",1,01:02:52,"00:42:52 (-1)",,,,,(-1),,,,(-2),
670,"team393 长安大学",1,01:02:54,"00:22:54 (-2)",,,,,,,,,(-8),
671,"team774 华中农业大学",1,01:03:06,01:03:06,,,,,(-1),,,,(-3),
672,"team119 黑龙江大学",1,01:03:28,"00:23:28 (-2)",,,,,,,,,,
673,"team806 南京邮电大学",1,01:04:41,"00:24:41 (-2)",,,,,(-12),,,,,
674,"team254 浙江育英职业技术学院",1,01:05:32,"00:45:32 (-1)",,,,,,,,,(-1),
675,"team532 华中科技大学",1,01:06:10,"00:26:10 (-2)",(-4),,,,,,,,,
676,"team207 西南民族大学",1,01:07:41,"00:27:41 (-2)",(-2),,,,,,,,,
677,"team115 福建工程学院",1,01:09:51,"00:29:51 (-2)",,,,,(-1),,,,,
678,"team430 河南工程学院",1,01:10:25,"00:30:25 (-2)",(-21),,,,,,,,(-1),
679,"team233 浙江工商大学",1,01:10:29,"00:30:29 (-2)",,,,,,,,,,
680,"team700 吉林大学",1,01:11:46,"00:31:46 (-2)",,(-12),,,(-15),,,,(-5),
681,"team258 浙江农林大学",1,01:11:53,"00:31:53 (-2)",,,,,(-1),,,,,
682,"team274 安阳工学院",1,01:14:08,"00:34:08 (-2)",(-3),(-4),,,,,,,(-1),
683,"team385 浙江科技学院",1,01:14:14,"00:54:14 (-1)",(-1),(-9),,,(-3),,,,,
684,"team460 东北师范大学",1,01:15:12,"00:15:12 (-3)",(-5),(-12),,,,,,,,
685,"team100 江西财经大学",1,01:15:58,"00:15:58 (-3)",(-1),,,,(-3),,,,(-6),
686,"team350 天津工业大学",1,01:16:36,"00:56:36 (-1)",,,,,,,,,(-1),
687,"team425 湖南大学",1,01:18:48,"00:58:48 (-1)",,,,,,,,,(-6),
688,"team490 莆田学院",1,01:19:04,"00:39:04 (-2)",(-14),,,,(-1),,,,,
689,"team368 广东东软学院",1,01:19:19,"00:39:19 (-2)",,,,,(-17),,,,,
690,"team927 华南师范大学",1,01:20:17,"00:40:17 (-2)",,,,,(-1),,(-1),,,
691,"team623 南昌大学",1,01:20:21,"00:20:21 (-3)",(-9),,,,,,,,(-7),
692,"team164 中国计量大学",1,01:20:44,01:20:44,,,,,,,,,,
693,"team717 中国矿业大学",1,01:20:48,"00:20:48 (-3)",,,,,(-2),,,,(-6),
694,"team620 南昌大学",1,01:20:51,"00:20:51 (-3)",,(-1),,,(-3),,,,,
695,"team955 莆田学院大数据",1,01:22:31,"01:02:31 (-1)",(-3),,,,,,,,,
696,"team352 北华大学",1,01:22:57,"00:42:57 (-2)",(-1),,,,(-4),,,,(-7),
697,"team457 武汉商学院",1,01:23:05,"00:23:05 (-3)",,,,,,,,,(-11),
698,"team803 南京邮电大学",1,01:23:14,"00:23:14 (-3)",,,,,(-2),,,,(-3),
699,"team051 中国民航大学",1,01:24:04,"00:44:04 (-2)",,,,,(-14),,,,,
700,"team033 浙江中医药大学",1,01:24:07,"00:24:07 (-3)",,,,,(-3),,(-1),,(-2),
701,"team892 青岛科技大学",1,01:25:28,"00:45:28 (-2)",,,,,(-2),,,,,
702,"team1119 浙江理工大学",1,01:25:58,"00:25:58 (-3)",,,,,(-2),,,,(-16),
703,"team052 中国民航大学",1,01:25:59,"00:45:59 (-2)",(-11),,,,(-2),,,,(-13),
704,"team421 湖南大学",1,01:28:00,"00:28:00 (-3)",,,,,,,,,(-9),
705,"team329 合肥学院",1,01:28:26,"00:48:26 (-2)",(-1),,,,(-2),,,,,
706,"team493 湖南农业大学",1,01:28:28,01:28:28,,,,,,,,,,
707,"team613 哈尔滨理工大学",1,01:29:12,"00:49:12 (-2)",(-3),,,,(-1),,,,,
708,"team887 香港中文大学（深圳）",1,01:30:05,"00:50:05 (-2)",,,,,(-1),,,,,
709,"team997 浙江理工大学",1,01:30:21,"00:30:21 (-3)",,,,,,,,,,
710,"team085 华东理工大学",1,01:30:37,"00:30:37 (-3)",,,(-7),,(-1),,,,(-1),
711,"team707 吉林大学",1,01:33:58,"00:53:58 (-2)",,,,,,,,,,
712,"team543 湖南工学院",1,01:34:43,"01:14:43 (-1)",,,,,,,,,,
713,"team710 吉林大学",1,01:34:45,"00:34:45 (-3)",,,,,,,,,,
714,"team275 安阳工学院",1,01:35:26,"00:35:26 (-3)",,,,,,,,(-2),,
715,"team384 浙江科技学院",1,01:37:03,"00:37:03 (-3)",(-6),,,,,,,,,
716,"team606 江南大学",1,01:37:58,"00:37:58 (-3)",,,,,,,,,,
717,"team853 吉林大学",1,01:37:59,"00:37:59 (-3)",(-2),(-4),,,,,,,(-1),
718,"team036 乐山师范学院",1,01:38:12,"00:18:12 (-4)",(-26),,,,,,,,,
719,"team627 绍兴文理学院",1,01:38:41,"00:38:41 (-3)",(-2),,,,,,,,,
720,"team601 天津大学",1,01:39:31,"00:59:31 (-2)",,(-1),,,(-2),,,,(-4),
721,"team1200 山河大学",1,01:42:00,01:42:00,,,,,,,,,,
722,"team239 鲁东大学",1,01:42:17,"01:02:17 (-2)",,,,,,,,,,
723,"team187 广东工业大学",1,01:43:55,"00:43:55 (-3)",,,,,(-7),,,,(-2),
724,"team477 北方工业大学",1,01:44:45,"01:24:45 (-1)",,,,,,,,,,
725,"team602 天津大学",1,01:45:48,"00:45:48 (-3)",,,,,,,,,,
726,"team712 中国矿业大学",1,01:45:54,"01:05:54 (-2)",,,,,,,,,,
727,"team383 浙江科技学院",1,01:46:03,"00:46:03 (-3)",(-1),(-2),,,,,,,,
728,"team447 安徽工业大学",1,01:46:15,"01:06:15 (-2)",,,,,,,,,,
729,"team930 华南师范大学",1,01:46:46,"00:46:46 (-3)",,,,,(-2),,,,,
730,"team362 中南民族大学",1,01:47:27,"00:47:27 (-3)",,(-1),,,(-7),,,,(-1),
731,"team290 江西师范大学",1,01:47:34,"00:27:34 (-4)",(-16),,,,(-1),,,,,
732,"team394 长安大学",1,01:48:14,"00:28:14 (-4)",,,(-1),,,,,,,
733,"team149 浙大城市学院",1,01:48:43,"00:48:43 (-3)",,(-17),,,,,,,,
734,"team688 山东财经大学",1,01:49:32,"00:29:32 (-4)",,,,,(-2),,,,,
735,"team217 成都东软学院",1,01:50:14,01:50:14,,,,,,,,,,
736,"team685 山东财经大学",1,01:51:14,01:51:14,,,,,,,,,,
737,"team1096 义乌中学",1,01:51:18,"01:31:18 (-1)",,,,,,,,,,
738,"team924 华南师范大学",1,01:53:23,"01:13:23 (-2)",,,,,,,,,,
739,"team444 安徽工业大学",1,01:53:33,"01:33:33 (-1)",,,,,,,,,,
740,"team937 华南师范大学",1,01:53:42,"01:13:42 (-2)",,,,,,,,,(-10),
741,"team1032 东北大学秦皇岛分校",1,01:54:18,"00:34:18 (-4)",,,,,,,,,(-1),
742,"team198 广东工业大学",1,01:54:56,"00:34:56 (-4)",,,,,(-10),,,,,
743,"team629 中国地质大学（武汉）",1,01:57:42,"00:57:42 (-3)",(-6),,,,,,,,,
744,"team724 安阳师范学院",1,01:58:58,"01:18:58 (-2)",(-1),,,,,,,,,
745,"team770 北京师范大学珠海校区",1,02:00:38,"01:20:38 (-2)",,,,,,,,,(-1),
746,"team443 安徽工业大学",1,02:01:18,"00:21:18 (-5)",,,,,,,,,,
747,"team657 郑州升达经贸管理学院",1,02:03:59,"00:43:59 (-4)",,,,,(-6),,,,,
748,"team120 黑龙江大学",1,02:04:09,"00:24:09 (-5)",,,,,,,,,,
749,"team113 福建工程学院",1,02:04:29,"00:44:29 (-4)",,,,,(-2),,,,,
750,"team953 莆田学院大数据",1,02:05:29,"00:45:29 (-4)",(-1),,,,,,,,(-1),
751,"team167 闽南师范大学",1,02:06:27,"00:46:27 (-4)",(-10),,,,(-7),,,,(-4),
752,"team920 南京理工大学",1,02:07:05,"00:47:05 (-4)",,(-6),(-13),,(-1),,,,,
753,"team812 南京邮电大学",1,02:08:05,"00:28:05 (-5)",(-2),,,,(-2),,,,(-2),
754,"team569 电子科技大学",1,02:12:02,"00:52:02 (-4)",,,,,(-3),,,,(-1),
755,"team641 郑州轻工业大学",1,02:12:38,"00:52:38 (-4)",(-1),,,,,,,,,
756,"team039 钉耙编程",1,02:13:44,"00:33:44 (-5)",,,,,(-13),,,,,
757,"team901 江西财经大学软件学院",1,02:14:55,"00:34:55 (-5)",,,(-1),,(-10),,,,(-1),
758,"team219 成都东软学院",1,02:15:46,"01:15:46 (-3)",,,,,(-1),,,,(-1),
759,"team348 天津工业大学",1,02:15:53,"00:55:53 (-4)",,,,,(-1),,,,(-2),
760,"team653 东南大学",1,02:16:51,"01:16:51 (-3)",,,,,,,,,,
761,"team928 华南师范大学",1,02:16:55,"00:56:55 (-4)",,,,,,,,,,
762,"team328 合肥学院",1,02:17:43,"00:57:43 (-4)",,,,,,,,,(-1),
763,"team869 浙江财经大学",1,02:18:06,"00:58:06 (-4)",(-1),,,,(-3),,,,(-5),
764,"team138 南京信息工程大学",1,02:19:25,"01:19:25 (-3)",(-3),,,,(-3),,,,(-2),
765,"team762 重庆大学",1,02:19:51,"00:59:51 (-4)",,(-3),,,(-8),,,,,
766,"team679 内蒙古大学",1,02:20:28,"01:00:28 (-4)",,,,,(-6),,,,(-2),
767,"team249 山东大学",1,02:22:48,,,,"01:42:48 (-2)",,,,,,,
768,"team811 南京邮电大学",1,02:22:52,"01:02:52 (-4)",(-1),,,,,,,,,
769,"team433 河南工程学院",1,02:25:35,"01:25:35 (-3)",,,,,,,,,,
770,"team069 常熟理工学院",1,02:25:46,"00:45:46 (-5)",,,,,,,,,,
771,"team463 东北师范大学",1,02:28:00,"00:48:00 (-5)",,,,,,,,,(-1),
772,"team647 上海海事大学",1,02:29:09,"00:49:09 (-5)",,,,,,,,,,
773,"team370 广东东软学院",1,02:29:15,"00:49:15 (-5)",(-4),,,,(-1),,,,,
774,"team177 南京大学",1,02:29:36,02:29:36,,,,,(-2),,,,,
775,"team252 浙江育英职业技术学院",1,02:29:49,"01:29:49 (-3)",,,,,(-1),,,,(-6),
776,"team449 河北大学",1,02:32:39,"01:32:39 (-3)",(-1),,,,,,,,(-2),
777,"team926 华南师范大学",1,02:34:13,"00:14:13 (-7)",,,,,,,,,,
778,"team505 西南财经大学",1,02:34:57,"00:54:57 (-5)",(-3),,,,,,,,(-3),
779,"team424 湖南大学",1,02:35:36,"01:55:36 (-2)",(-7),(-3),,,,,,,(-1),
780,"team097 北京化工大学",1,02:35:56,"00:55:56 (-5)",,,,,,,,,(-2),
781,"team332 浙江财经大学",1,02:37:29,"00:37:29 (-6)",,,,,(-1),,,,(-8),
782,"team063 常熟理工学院",1,02:38:43,"01:38:43 (-3)",,,,,,,,,,
783,"team034 浙江中医药大学",1,02:38:45,"00:58:45 (-5)",(-1),,,,(-9),,,,(-2),
784,"team387 浙江科技学院",1,02:40:47,"01:00:47 (-5)",,(-1),,,,,,,(-2),
785,"team165 中国计量大学",1,02:41:53,"00:41:53 (-6)",,,,,,,,,(-9),
786,"team722 中国矿业大学",1,02:43:13,"01:03:13 (-5)",(-2),,,,,,,,(-3),
787,"team116 福建工程学院",1,02:51:08,"00:51:08 (-6)",,,,,,,,,,
788,"team428 浙江万里学院",1,02:54:17,"01:34:17 (-4)",,,,,,,,,(-3),
789,"team236 江西理工大学南昌校区",1,02:56:18,"00:56:18 (-6)",,,,,,,,,,
790,"team705 吉林大学",1,02:56:21,"00:56:21 (-6)",,,,,,,,,(-1),
791,"team134 南京信息工程大学",1,02:56:44,"00:56:44 (-6)",,,,,,,,,(-11),
792,"team951 莆田学院大数据",1,02:57:08,"00:57:08 (-6)",,,,,,,,,,
793,"team488 莆田学院",1,02:57:20,"01:37:20 (-4)",,,,,(-2),,,,,
794,"team514 宁波大学",1,02:58:53,"00:38:53 (-7)",(-2),,,,,,,,(-15),
795,"team242 北京林业大学",1,02:59:05,"01:19:05 (-5)",,,,,(-1),,,,,
796,"team016 华东师范大学",1,02:59:15,02:59:15,,,,,(-1),,,,(-1),
797,"team666 湖南城市学院",1,03:00:49,"02:00:49 (-3)",(-1),(-3),,,,,,,,
798,"team037 乐山师范学院",1,03:07:39,"00:47:39 (-7)",,,,,(-4),,,,,
799,"team1045 南昌理工学院",1,03:08:50,"00:28:50 (-8)",,(-3),,,,,,,(-3),
800,"team437 临沂大学",1,03:12:26,"01:12:26 (-6)",(-11),,,,,,,,(-7),
801,"team253 浙江育英职业技术学院",1,03:12:40,"01:32:40 (-5)",,(-2),,,,,,,(-4),
802,"team779 河南理工大学",1,03:14:38,"00:34:38 (-8)",,,,(-2),,,,,(-2),
803,"team247 湖州师范学院",1,03:16:16,03:16:16,,,,,,,,,,
804,"team459 广西科技大学",1,03:19:35,"02:59:35 (-1)",,,,,,,,,,
805,"team124 山东理工大学",1,03:21:22,"01:21:22 (-6)",,,(-5),,,,,,,
806,"team757 上海大学",1,03:22:00,"00:42:00 (-8)",,(-5),,,,,,,(-2),
807,"team353 北华大学",1,03:22:35,"01:22:35 (-6)",,,,,,,,,(-2),
808,"team677 内蒙古大学",1,03:22:58,"01:02:58 (-7)",,,,,,,,,(-2),
809,"team715 中国矿业大学",1,03:23:05,"01:03:05 (-7)",(-3),,,,(-5),,,,(-1),
810,"team781 深圳市耀华实验学校",1,03:24:14,03:24:14,,,,,,,,,,
811,"team472 北方工业大学",1,03:24:38,"01:44:38 (-5)",,,,,,,,,,
812,"team729 电子科技大学成都学院",1,03:25:11,"01:25:11 (-6)",,,,,,,,,,
813,"team363 中南民族大学",1,03:26:53,"01:06:53 (-7)",,(-2),,,,,,,(-6),
814,"team837 贵州大学",1,03:33:16,"02:13:16 (-4)",,,,,,,,,,
815,"team448 安徽工业大学",1,03:34:08,"01:54:08 (-5)",,,,,,,,,,
816,"team243 北京林业大学",1,03:35:19,"01:15:19 (-7)",,,,,(-8),,,,(-5),
817,"team255 浙江育英职业技术学院",1,03:35:41,"00:55:41 (-8)",(-5),,,,,,,,(-9),
818,"team963 信息工程大学",1,03:36:30,"01:36:30 (-6)",,,,,,,,,,
819,"team154 浙大宁波理工学院",1,03:37:05,"01:17:05 (-7)",(-1),,,,(-4),,,,,
820,"team572 清华大学",1,03:38:57,"01:38:57 (-6)",,,,,,,,,,
821,"team248 湖州师范学院",1,03:42:44,"02:42:44 (-3)",,,,,,,,,,
822,"team942 华南师范大学",1,03:55:24,"01:35:24 (-7)",,,,,,,,,,
823,"team432 河南工程学院",1,03:56:52,"01:36:52 (-7)",,,,,,,,,,
824,"team356 武汉大学",1,04:02:15,"00:42:15 (-10)",,,,,(-9),,,,(-14),
825,"team621 南昌大学",1,04:03:55,"02:23:55 (-5)",,,,,,,,,(-2),
826,"team272 安阳工学院",1,04:04:02,"01:44:02 (-7)",,,,,,,,,,
827,"team497 聊城大学",1,04:05:52,"01:25:52 (-8)",,,,,(-5),,,,,
828,"team544 江西师范大学",1,04:06:13,"00:46:13 (-10)",(-6),,,,(-2),,,,(-1),
829,"team204 南昌航空大学",1,04:09:05,"01:09:05 (-9)",,,,,(-7),,(-1),,(-3),
830,"team334 浙江财经大学",1,04:10:38,"01:10:38 (-9)",,,,,,,,,,
831,"team669 宁波财经学院",1,04:10:44,"03:10:44 (-3)",,,,,,,,,,
832,"team367 中南民族大学",1,04:10:57,"01:30:57 (-8)",,(-1),(-2),,,,,,(-5),
833,"team860 长春理工大学",1,04:11:46,"00:51:46 (-10)",(-9),(-5),(-15),,(-11),,,(-3),(-5),
834,"team767 闽南师范大学",1,04:17:06,"01:57:06 (-7)",,,,,,,,,,
835,"team678 内蒙古大学",1,04:19:38,"01:59:38 (-7)",,,,,,,,,,
836,"team954 莆田学院大数据",1,04:24:58,"01:04:58 (-10)",,,,,,,,,(-1),
837,"team716 中国矿业大学",1,04:25:09,"01:05:09 (-10)",,(-1),,,,,,,,
838,"team300 嘉兴学院",1,04:27:05,"00:27:05 (-12)",(-5),,,,(-8),,,,(-5),
839,"team752 上海大学",1,04:35:48,"04:15:48 (-1)",,,,,,,,,,
840,"team1115 中山市中山纪念中学",1,04:36:31,"03:56:31 (-2)",,,,,,,,,,
841,"team360 湖南警察学院",1,04:41:50,"02:41:50 (-6)",,,,,,,,,,
842,"team616 哈尔滨理工大学",1,04:45:28,"02:25:28 (-7)",(-1),,,,,,,,,
843,"team498 聊城大学",1,04:53:07,"01:53:07 (-9)",,,,,,,,,,
844,"team464 广州华立学院",1,04:54:02,"00:34:02 (-13)",,,,,,,,,(-2),
845,"team709 吉林大学",1,04:55:38,"04:15:38 (-2)",,,,,,,,,,
846,"team952 莆田学院大数据",1,04:55:50,"00:55:50 (-12)",,,,,,,,,,
847,"team331 浙江财经大学",1,04:56:53,"01:16:53 (-11)",(-9),(-1),,,(-9),,,,(-1),
848,"team038 乐山师范学院",1,04:59:50,"01:39:50 (-10)",,,,,,,,,,
849,"team256 浙江育英职业技术学院",1,05:01:13,"02:21:13 (-8)",,,(-4),,,,,,(-1),
850,"team365 中南民族大学",1,05:07:19,"02:07:19 (-9)",(-1),,,,,,,,,
851,"team364 中南民族大学",1,05:09:17,"01:49:17 (-10)",,(-16),,,,,,,(-1),
852,"team515 宁波大学",1,05:13:28,"00:53:28 (-13)",,,,,,,,,(-1),
853,"team1034 东北大学秦皇岛分校",1,05:15:12,"02:55:12 (-7)",,,,,,,,,,
854,"team1113 乐山师范学院",1,05:18:50,"01:38:50 (-11)",,,,,,,,,,
855,"team285 华东师范大学",1,05:20:18,"03:20:18 (-6)",(-8),(-8),,,,,,,(-1),
856,"team662 湖南城市学院",1,05:20:44,"02:40:44 (-8)",(-1),,,,,,,,,
857,"team934 华南师范大学",1,05:24:36,"03:04:36 (-7)",,,,,,,,,,
858,"team277 合肥工业大学",1,05:25:31,"02:45:31 (-8)",,,,,,,,,,
859,"team375 重庆邮电大学",1,05:25:41,"01:25:41 (-12)",,,,,,,,,,
860,"team852 江苏科技大学",1,05:31:52,"01:31:52 (-12)",,,,,,,,,,
861,"team686 山东财经大学",1,06:03:56,"04:43:56 (-4)",,,,,,,,,,
862,"team1136 武汉大学",1,06:24:51,"03:04:51 (-10)",,,,,,,,,(-1),
863,"team967 江西中医药大学",1,06:40:41,"03:00:41 (-11)",,,,,,,,,,
864,"team062 常熟理工学院",1,06:43:14,"03:43:14 (-9)",,,,,,,,,,
865,"team435 河南工程学院",1,06:43:34,"01:23:34 (-16)",,,,,(-5),,,,(-3),
866,"team940 华南师范大学",1,07:07:40,"03:27:40 (-11)",,,,,,,,,(-1),
867,"team349 天津工业大学",1,07:18:07,"01:58:07 (-16)",,,,,(-11),,,,(-6),
868,"team470 北方工业大学",1,07:26:47,"02:06:47 (-16)",,,,,,,,,(-1),
869,"team834 中国地质大学（北京）",1,08:02:05,"03:22:05 (-14)",(-11),,,,(-8),,,,,
870,"team903 广东药科大学",1,08:02:48,"02:22:48 (-17)",(-2),,,,,,,,(-4),
871,"team996 浙江理工大学",1,11:18:08,"03:38:08 (-23)",,,,,,,,,,
872,"team814 南京邮电大学",1,11:18:35,"01:18:35 (-30)",(-3),,,,,,,,(-1),
873,"team351 北华大学",1,11:43:13,"01:03:13 (-32)",,,,,,,,,(-4),
874,"team001 广西大学",0,00:00:00,,,,,,,,,,,
875,"team003 广西大学",0,00:00:00,,,,,,,,,,,
876,"team006 个人信息账号",0,00:00:00,,,,,,,,,,,
877,"team008 江西科技师范大学",0,00:00:00,(-7),,,,,,,,,,
878,"team010 天津理工大学",0,00:00:00,,,,,,,,,,,
879,"team013 华东师范大学",0,00:00:00,,,,,,,,,,,
880,"team014 华东师范大学",0,00:00:00,,,,,,,,,,,
881,"team015 华东师范大学",0,00:00:00,,,,,,,,,,,
882,"team017 华东师范大学",0,00:00:00,,,,,,,,,,,
883,"team029 广州南方学院",0,00:00:00,(-2),,,,,,,,,,
884,"team030 黄淮学院",0,00:00:00,,,,,,,,,,,
885,"team054 中国民航大学",0,00:00:00,(-3),,,,,,,,,,
886,"team055 中国民航大学",0,00:00:00,,,,,,,,,,,
887,"team056 中国海洋大学",0,00:00:00,,,,,,,,,,,
888,"team057 中国海洋大学",0,00:00:00,,,,,,,,,,,
889,"team058 中国海洋大学",0,00:00:00,,,,,,,,,,,
890,"team061 常熟理工学院",0,00:00:00,(-9),,,,,,,,,,
891,"team066 常熟理工学院",0,00:00:00,(-6),,,,,,,,,,
892,"team067 常熟理工学院",0,00:00:00,,,,,,,,,,,
893,"team074 北京理工大学",0,00:00:00,,,,,,,,,,,
894,"team075 北京理工大学",0,00:00:00,,,,,,,,,,,
895,"team084 华东理工大学",0,00:00:00,,,,,,,,,,,
896,"team086 华东理工大学",0,00:00:00,(-4),,,,,,,,,,
897,"team087 华东理工大学",0,00:00:00,,,,,,,,,,,
898,"team089 桂林电子科技大学北海校区",0,00:00:00,,,,,,,,,,,
899,"team1000 雅礼中学",0,00:00:00,,,,,,,,,,,
900,"team1001 杭州电子科技大学",0,00:00:00,,,,,,,,,,,
901,"team1002 杭州电子科技大学",0,00:00:00,,,,,,,,,,,
902,"team1003 杭州电子科技大学",0,00:00:00,,,,,,,,,,,
903,"team1004 杭州电子科技大学",0,00:00:00,,,,,,,,,,,
904,"team1005 杭州电子科技大学",0,00:00:00,,,,,,,,,,,
905,"team1006 杭州电子科技大学",0,00:00:00,,,,,,,,,,,
906,"team1007 杭州电子科技大学",0,00:00:00,,,,,,,,,,,
907,"team1008 杭州电子科技大学",0,00:00:00,,,,,,,,,,,
908,"team1009 杭州电子科技大学",0,00:00:00,,,,,,,,,,,
909,"team1010 杭州电子科技大学",0,00:00:00,,,,,,,,,,,
910,"team1011 杭州电子科技大学",0,00:00:00,,,,,,,,,,,
911,"team1012 杭州电子科技大学",0,00:00:00,,,,,,,,,,,
912,"team1013 杭州电子科技大学",0,00:00:00,,,,,,,,,,,
913,"team1014 杭州电子科技大学",0,00:00:00,,,,,,,,,,,
914,"team1015 杭州电子科技大学",0,00:00:00,,,,,,,,,,,
915,"team1016 杭州电子科技大学",0,00:00:00,,,,,,,,,,,
916,"team1018 杭州电子科技大学",0,00:00:00,,,,,,,,,,,
917,"team1019 杭州电子科技大学",0,00:00:00,,,,,,,,,,,
918,"team1021 杭州电子科技大学",0,00:00:00,,,,,,,,,,,
919,"team1022 杭州电子科技大学",0,00:00:00,,,,,,,,,,,
920,"team1023 杭州电子科技大学",0,00:00:00,,,,,,,,,,,
921,"team1024 杭州电子科技大学",0,00:00:00,,,,,,,,,,,
922,"team1025 杭州电子科技大学",0,00:00:00,,,,,,,,,,,
923,"team1028 清华大学附属中学",0,00:00:00,,,,,,,,,,,
924,"team1033 东北大学秦皇岛分校",0,00:00:00,(-2),,,,,,,,,,
925,"team1035 东北大学秦皇岛分校",0,00:00:00,,,,,,,,,,,
926,"team1047 南京米兰队",0,00:00:00,,,,,,,,,,,
927,"team1049 山东理工大学",0,00:00:00,,,,,,,,,,,
928,"team1050 学军中学",0,00:00:00,,,,,,,,,,,
929,"team1052 桂林理工大学",0,00:00:00,,,,,,,,,,,
930,"team1053 桂林理工大学",0,00:00:00,(-2),,,,,,,,(-2),(-8),
931,"team1054 桂林理工大学",0,00:00:00,,,,,,,,,,,
932,"team1062 学军中学",0,00:00:00,,,,,,,,,,,
933,"team1064 贵阳市第一中学",0,00:00:00,,,,,,,,,,,
934,"team1067 重庆市育才中学",0,00:00:00,,,,,,,,,,,
935,"team1068 重庆市育才中学",0,00:00:00,,,,,,,,,,,
936,"team1075 雅礼中学",0,00:00:00,,,,,,,,,,,
937,"team1078 大连理工大学",0,00:00:00,,,,,,,,,,,
938,"team1082 江西省九江第一中学",0,00:00:00,,,,,,,,,,,
939,"team1083 西安交通大学",0,00:00:00,,,,,,,,,,,
940,"team1085 西安交通大学",0,00:00:00,,,,,,,,,,,
941,"team1086 西安交通大学",0,00:00:00,,,,,,,,,,,
942,"team1087 西安交通大学",0,00:00:00,,,,,,,,,,,
943,"team1088 天津大学",0,00:00:00,,,,,,,,,,,
944,"team1089 天津大学",0,00:00:00,,,,,,,,,,,
945,"team1090 天津大学",0,00:00:00,,,,,,,,,,,
946,"team1091 天津大学",0,00:00:00,,,,,,,,,,,
947,"team1092 天津大学",0,00:00:00,,,,,,,,,,,
948,"team1093 义乌中学",0,00:00:00,,,,,,,,,,,
949,"team1094 义乌中学",0,00:00:00,,,,,,,,,,,
950,"team1095 义乌中学",0,00:00:00,,,,,,,,,,,
951,"team1097 义乌中学",0,00:00:00,,,,,,,,,,,
952,"team1099 金陵中学河西分校",0,00:00:00,,,,,,,,,,,
953,"team1100 金陵中学河西分校",0,00:00:00,,,,,,,,,,,
954,"team1101 金陵中学河西分校",0,00:00:00,,,,,,,,,,,
955,"team1102 金陵中学河西分校",0,00:00:00,,,,,,,,,,,
956,"team1103 金陵中学河西分校",0,00:00:00,,,,,,,,,,,
957,"team1104 金陵中学河西分校",0,00:00:00,,,,,,,,,,,
958,"team1105 金陵中学河西分校",0,00:00:00,,,,,,,,,,,
959,"team1106 金陵中学河西分校",0,00:00:00,,,,,,,,,,,
960,"team1107 金陵中学河西分校",0,00:00:00,,,,,,,,,,,
961,"team1108 金陵中学河西分校",0,00:00:00,,,,,,,,,,,
962,"team1109 金陵中学河西分校",0,00:00:00,,,,,,,,,,,
963,"team1110 学军中学",0,00:00:00,,,,,,,,,,,
964,"team1117 湖南信息学院",0,00:00:00,,,,,,,,,,,
965,"team1120 衡阳八中",0,00:00:00,,,,,,,,,,,
966,"team1122 海亮高级中学",0,00:00:00,,,,,,,,,,,
967,"team1123 海亮高级中学",0,00:00:00,,,,,,,,,,,
968,"team1124 海亮高级中学",0,00:00:00,,,,,,,,,,,
969,"team1125 海亮高级中学",0,00:00:00,,,,,,,,,,,
970,"team1126 海亮高级中学",0,00:00:00,,,,,,,,,,,
971,"team1127 海亮高级中学",0,00:00:00,,,,,,,,,,,
972,"team1128 海亮高级中学",0,00:00:00,,,,,,,,,,,
973,"team1129 海亮高级中学",0,00:00:00,,,,,,,,,,,
974,"team1130 海亮高级中学",0,00:00:00,,,,,,,,,,,
975,"team1131 海亮高级中学",0,00:00:00,,,,,,,,,,,
976,"team1138 湖南师范大学附属中学",0,00:00:00,,,,,,,,,,,
977,"team1146 山河大学",0,00:00:00,,,,,,,,,,,
978,"team1147 山河大学",0,00:00:00,,,,,,,,,,,
979,"team1148 山河大学",0,00:00:00,,,,,,,,,,,
980,"team1149 山河大学",0,00:00:00,,,,,,,,,,,
981,"team1150 山河大学",0,00:00:00,,,,,,,,,,,
982,"team1151 山河大学",0,00:00:00,,,,,,,,,,,
983,"team1152 山河大学",0,00:00:00,,,,,,,,,,,
984,"team1153 山河大学",0,00:00:00,,,,,,,,,,,
985,"team1154 山河大学",0,00:00:00,,,,,,,,,,,
986,"team1155 山河大学",0,00:00:00,,,,,,,,,,,
987,"team1156 山河大学",0,00:00:00,,,,,,,,,,,
988,"team1157 山河大学",0,00:00:00,,,,,,,,,,,
989,"team1158 山河大学",0,00:00:00,,,,,,,,,,,
990,"team1159 山河大学",0,00:00:00,,,,,,,,,,,
991,"team1160 山河大学",0,00:00:00,,,,,,,,,,,
992,"team1161 山河大学",0,00:00:00,,,,,,,,,,,
993,"team1162 山河大学",0,00:00:00,,,,,,,,,,,
994,"team1163 山河大学",0,00:00:00,,,,,,,,,,,
995,"team1164 山河大学",0,00:00:00,,,,,,,,,,,
996,"team1165 山河大学",0,00:00:00,,,,,,,,,,,
997,"team1166 山河大学",0,00:00:00,,,,,,,,,,,
998,"team1167 山河大学",0,00:00:00,,,,,,,,,,,
999,"team1168 山河大学",0,00:00:00,,,,,,,,,,,
1000,"team1169 山河大学",0,00:00:00,,,,,,,,,,,
1001,"team1170 山河大学",0,00:00:00,,,,,,,,,,,
1002,"team1171 山河大学",0,00:00:00,,,,,,,,,,,
1003,"team1172 山河大学",0,00:00:00,,,,,,,,,,,
1004,"team1173 山河大学",0,00:00:00,,,,,,,,,,,
1005,"team1174 山河大学",0,00:00:00,,,,,,,,,,,
1006,"team1175 山河大学",0,00:00:00,,,,,,,,,,,
1007,"team1176 山河大学",0,00:00:00,,,,,,,,,,,
1008,"team1177 山河大学",0,00:00:00,,,,,,,,,,,
1009,"team1178 山河大学",0,00:00:00,,,,,,,,,,,
1010,"team1179 山河大学",0,00:00:00,,,,,,,,,,,
1011,"team1180 山河大学",0,00:00:00,,,,,,,,,,,
1012,"team1181 山河大学",0,00:00:00,,,,,,,,,,,
1013,"team1182 山河大学",0,00:00:00,,,,,,,,,,,
1014,"team1183 山河大学",0,00:00:00,,,,,,,,,,,
1015,"team1184 山河大学",0,00:00:00,,,,,,,,,,,
1016,"team1185 山河大学",0,00:00:00,,,,,,,,,,,
1017,"team1186 山河大学",0,00:00:00,,,,,,,,,,,
1018,"team1187 山河大学",0,00:00:00,,,,,,,,,,,
1019,"team1188 山河大学",0,00:00:00,,,,,,,,,,,
1020,"team1189 山河大学",0,00:00:00,,,,,,,,,,,
1021,"team1190 山河大学",0,00:00:00,,,,,,,,,,,
1022,"team1191 山河大学",0,00:00:00,,,,,,,,,,,
1023,"team1192 山河大学",0,00:00:00,,,,,,,,,,,
1024,"team1193 山河大学",0,00:00:00,,,,,,,,,,,
1025,"team1194 山河大学",0,00:00:00,,,,,,,,,,,
1026,"team1195 山河大学",0,00:00:00,,,,,,,,,,,
1027,"team1196 山河大学",0,00:00:00,,,,,,,,,,,
1028,"team1197 山河大学",0,00:00:00,,,,,,,,,,,
1029,"team1198 山河大学",0,00:00:00,,,,,,,,,,,
1030,"team1199 山河大学",0,00:00:00,,,,,,,,,,,
1031,"team130 南京信息工程大学",0,00:00:00,,,,,,,,,,,
1032,"team132 南京信息工程大学",0,00:00:00,,,,,,,,,,,
1033,"team137 南京信息工程大学",0,00:00:00,,,,,,,,,,,
1034,"team143 浙大城市学院",0,00:00:00,,,,,,,,,,,
1035,"team150 浙大城市学院",0,00:00:00,,,,,,,,,,,
1036,"team160 杭州电子科技大学信息工程学院",0,00:00:00,,,,,,,,,,,
1037,"team161 杭州电子科技大学信息工程学院",0,00:00:00,,,,,,,,,,,
1038,"team162 杭州电子科技大学信息工程学院",0,00:00:00,,,,,,,,,,,
1039,"team181 南京大学",0,00:00:00,,,,,,,,,,,
1040,"team184 南京大学",0,00:00:00,,,,,,,,,,,
1041,"team213 大连理工大学城市学院",0,00:00:00,(-24),,,,,,,,,(-1),
1042,"team225 湖南理工学院",0,00:00:00,,,,,,,,,,,
1043,"team245 厦门理工学院",0,00:00:00,,,,,,,,,,,
1044,"team246 厦门理工学院",0,00:00:00,,,,,,,,,,,
1045,"team269 兰州大学",0,00:00:00,,,,,,,,,,,
1046,"team270 兰州大学",0,00:00:00,,,,,,,,,,,
1047,"team278 合肥工业大学",0,00:00:00,,,,,,,,,,,
1048,"team279 合肥工业大学",0,00:00:00,,,,,,,,,,,
1049,"team294 绍兴鲁迅中学",0,00:00:00,,,,,,,,,,,
1050,"team295 宿迁学院",0,00:00:00,(-2),,,,,,,,,,
1051,"team296 宿迁学院",0,00:00:00,,,,,,,,,,,
1052,"team302 南京外国语学校",0,00:00:00,,,,,,,,,,,
1053,"team303 南京外国语学校",0,00:00:00,,,,,,,,,,,
1054,"team304 南京外国语学校",0,00:00:00,,,,,,,,,,,
1055,"team313 南京外国语学校",0,00:00:00,,,,,,,,,,,
1056,"team398 西安电子科技大学",0,00:00:00,,,,,,,,,,,
1057,"team400 西安电子科技大学",0,00:00:00,,,(-1),,,,,,,,
1058,"team423 湖南大学",0,00:00:00,(-4),,,,,,,,,,
1059,"team436 华北理工大学",0,00:00:00,,,,,,,,,,,
1060,"team446 安徽工业大学",0,00:00:00,(-21),,,,,,,,,,
1061,"team452 河海大学",0,00:00:00,,,,,,,,,,,
1062,"team454 河海大学",0,00:00:00,,,,,,,,,,,
1063,"team456 武汉商学院",0,00:00:00,(-7),,,,,,,,,,
1064,"team473 北方工业大学",0,00:00:00,,,,,,,,,,,
1065,"team475 北方工业大学",0,00:00:00,(-4),,,,,,,,,,
1066,"team478 北方工业大学",0,00:00:00,(-7),,,,,,,,,,
1067,"team482 北方工业大学",0,00:00:00,,,,,,,,,,,
1068,"team483 北方工业大学",0,00:00:00,,,,,,,,,,,
1069,"team484 北方工业大学",0,00:00:00,,,,,,,,,,,
1070,"team500 西南财经大学",0,00:00:00,,,,,,,,,,,
1071,"team502 西南财经大学",0,00:00:00,(-8),(-2),,,,,,,,,
1072,"team503 西南财经大学",0,00:00:00,,,,,,,,,,,
1073,"team504 西南财经大学",0,00:00:00,(-2),(-1),,,,,,,,,
1074,"team507 西南财经大学",0,00:00:00,,,,,,,,,,,
1075,"team508 西南财经大学",0,00:00:00,,,,,,,,,,,
1076,"team509 西南财经大学",0,00:00:00,,,,,,,,,,,
1077,"team517 宁波大学",0,00:00:00,,,,,,,,,,,
1078,"team522 华中科技大学",0,00:00:00,,,,,,,,,,,
1079,"team531 华中科技大学",0,00:00:00,,,,,,,,,,,
1080,"team533 华中科技大学",0,00:00:00,,,,,,,,,,,
1081,"team534 华中科技大学",0,00:00:00,,,,,,,,,,,
1082,"team536 南京工业大学",0,00:00:00,,,,,,,,,,,
1083,"team538 南京工业大学",0,00:00:00,,,,,,,,,,,
1084,"team539 南京工业大学",0,00:00:00,,,,,,,,,,,
1085,"team541 苏州科技大学",0,00:00:00,,,,,,,,,,,
1086,"team542 苏州科技大学",0,00:00:00,,,,,,,,,,,
1087,"team545 新疆大学",0,00:00:00,(-11),,,,,,,,,,
1088,"team570 清华大学",0,00:00:00,,,,,,,,,,,
1089,"team571 清华大学",0,00:00:00,,,,,,,,,,,
1090,"team573 清华大学",0,00:00:00,,,,,,,,,,,
1091,"team575 清华大学",0,00:00:00,,,,,,,,,,,
1092,"team576 清华大学",0,00:00:00,,,,,,,,,,,
1093,"team577 清华大学",0,00:00:00,,,,,,,,,,,
1094,"team578 清华大学",0,00:00:00,,,,,,,,,,,
1095,"team579 清华大学",0,00:00:00,,,,,,,,,,,
1096,"team583 哈尔滨工业大学",0,00:00:00,,,,,,,,,,,
1097,"team584 哈尔滨工业大学",0,00:00:00,,,,,,,,,,,
1098,"team585 哈尔滨工业大学",0,00:00:00,,,,,,,,,,,
1099,"team586 哈尔滨工业大学",0,00:00:00,,,,,,,,,,,
1100,"team587 哈尔滨工业大学",0,00:00:00,,,,,,,,,,,
1101,"team588 哈尔滨工业大学",0,00:00:00,,,,,,,,,,,
1102,"team589 哈尔滨工业大学",0,00:00:00,,,,,,,,,,,
1103,"team590 哈尔滨工业大学",0,00:00:00,,,,,,,,,,,
1104,"team591 哈尔滨工业大学",0,00:00:00,,,,,,,,,,,
1105,"team592 哈尔滨工业大学",0,00:00:00,,,,,,,,,,,
1106,"team593 哈尔滨工业大学",0,00:00:00,,,,,,,,,,,
1107,"team594 哈尔滨工业大学",0,00:00:00,,,,,,,,,,,
1108,"team608 江南大学",0,00:00:00,(-3),,,,,,,,,,
1109,"team611 哈尔滨理工大学",0,00:00:00,,,,,,,,,,,
1110,"team624 南昌大学",0,00:00:00,,,,,,,,,,,
1111,"team652 东南大学",0,00:00:00,,,,,,,,,,,
1112,"team658 河南中医药大学",0,00:00:00,,,,,,,,,,,
1113,"team659 河南中医药大学",0,00:00:00,,,,,,,,,,,
1114,"team660 河南中医药大学",0,00:00:00,,,,,,,,,,,
1115,"team668 武汉大学",0,00:00:00,,,,,,,,,,,
1116,"team684 华中师范大学",0,00:00:00,,,,,,,,,,,
1117,"team687 山东财经大学",0,00:00:00,,,,,,,,,,,
1118,"team691 同济大学",0,00:00:00,,,,,,,,,,,
1119,"team698 西安交通大学",0,00:00:00,,,,,,,,,,,
1120,"team713 中国矿业大学",0,00:00:00,,,,,,,,,,,
1121,"team718 中国矿业大学",0,00:00:00,(-12),,,,,,,,,,
1122,"team719 中国矿业大学",0,00:00:00,,,,,,,,,,,
1123,"team720 中国矿业大学",0,00:00:00,(-5),,,,,,,,,,
1124,"team721 中国矿业大学",0,00:00:00,(-5),,,,,,,,,,
1125,"team723 中国矿业大学",0,00:00:00,(-2),,,,,,,,,,
1126,"team725 安阳师范学院",0,00:00:00,,,,,,,,,,,
1127,"team739 四川大学",0,00:00:00,,,,,,,,,,,
1128,"team746 韩山师范学院",0,00:00:00,,,,,,,,,,,
1129,"team747 汕头大学",0,00:00:00,,,,,,,,,,,
1130,"team758 上海大学",0,00:00:00,,,,,,,,,,,
1131,"team768 闽南师范大学",0,00:00:00,(-7),,,,,,,,,,
1132,"team769 闽南师范大学",0,00:00:00,(-34),,,,,(-7),,,,,
1133,"team771 北京师范大学珠海校区",0,00:00:00,,,,,,,,,,,
1134,"team775 华中农业大学",0,00:00:00,,,,,,,,,,,
1135,"team777 华东交通大学",0,00:00:00,(-9),,,,,,,,,,
1136,"team778 武汉市第二中学",0,00:00:00,,,,,,,,,,,
1137,"team780 深圳市耀华实验学校",0,00:00:00,,,,,,,,,,,
1138,"team783 温州中学",0,00:00:00,,,,,,,,,,,
1139,"team790 衢州第二中学",0,00:00:00,,,,,,,(-40),,,,
1140,"team792 衢州第二中学",0,00:00:00,,,,,,,,,,,
1141,"team793 衢州第二中学",0,00:00:00,,,,,,,,,,,
1142,"team794 衢州第二中学",0,00:00:00,,,,,,,,,,,
1143,"team795 衢州第二中学",0,00:00:00,,,,,,,,,,,
1144,"team796 衢州第二中学",0,00:00:00,,,,,,,,,,,
1145,"team797 衢州第二中学",0,00:00:00,,,,,,,,,,,
1146,"team799 衢州第二中学",0,00:00:00,,,,,,,,,,,
1147,"team800 衢州第二中学",0,00:00:00,,,,,,,,,,,
1148,"team816 余姚中学",0,00:00:00,,,,,,,,,,,
1149,"team817 余姚中学",0,00:00:00,,,,,,,,,,,
1150,"team818 四川省成都市第七中学",0,00:00:00,,,,,,,,,,,
1151,"team820 北京大学",0,00:00:00,,,,,,,,,,,
1152,"team821 北京大学",0,00:00:00,,,,,,,,,,,
1153,"team822 北京大学",0,00:00:00,,,,,,,(-7),,,,
1154,"team824 北京大学",0,00:00:00,,,,,,,,,,,
1155,"team826 北京大学",0,00:00:00,,,,,,,,,,,
1156,"team827 北京大学",0,00:00:00,,,,,,,,,,,
1157,"team828 北京大学",0,00:00:00,,,,,,,,,,,
1158,"team829 北京大学",0,00:00:00,,,,,,,,,,,
1159,"team838 优极会（中学生）",0,00:00:00,,,,,,,,,,,
1160,"team839 个人训练账号",0,00:00:00,,,,,,,,,,,
1161,"team841 中国科学技术大学",0,00:00:00,,,,,,,,,,,
1162,"team842 中国科学技术大学",0,00:00:00,,,,,,,,,,,
1163,"team847 哈尔滨工业大学（威海）",0,00:00:00,,,,,,,,,,,
1164,"team854 哈尔滨工业大学（威海）",0,00:00:00,,,,,,,,,,,
1165,"team856 河南大学",0,00:00:00,,,,,,,,,,,
1166,"team878 复旦大学",0,00:00:00,,,,,,,,,,,
1167,"team888 香港中文大学（深圳）",0,00:00:00,(-2),,(-2),,,,,,,,
1168,"team896 绍兴文理学院元培学院",0,00:00:00,,,,,,,,,,,
1169,"team904 广东药科大学",0,00:00:00,(-28),,,(-2),,,,(-3),,(-6),
1170,"team909 桂林航天工业学院",0,00:00:00,,(-2),,,,,,,,,
1171,"team912 国防科技大学",0,00:00:00,,,,,,,,,,,
1172,"team913 国防科技大学",0,00:00:00,,,,,,,,,,,
1173,"team925 华南师范大学",0,00:00:00,(-7),,,,,,,,,,
1174,"team931 华南师范大学",0,00:00:00,(-9),,,,,,,,,,
1175,"team935 华南师范大学",0,00:00:00,(-9),,,,,,,,,(-4),
1176,"team938 华南师范大学",0,00:00:00,(-8),,,,,,,,,,
1177,"team939 华南师范大学",0,00:00:00,,(-1),,(-6),,,,,,,
1178,"team941 华南师范大学",0,00:00:00,(-13),,(-5),,,,,,,(-1),
1179,"team949 杭州第二中学",0,00:00:00,,,,,,,,,,,
1180,"team957 厦门大学",0,00:00:00,,,,,,,,,,,
1181,"team958 山东省青岛第二中学",0,00:00:00,,,,,,,,,,,
1182,"team959 中国矿业大学徐海学院",0,00:00:00,,,,,,,,,,,
1183,"team960 信息工程大学",0,00:00:00,,,,,,,,,,,
1184,"team961 信息工程大学",0,00:00:00,,,,,,,,,,,
1185,"team962 信息工程大学",0,00:00:00,,,,,,,,,,,
1186,"team964 信息工程大学",0,00:00:00,,,,,,,,,,,
1187,"team965 信息工程大学",0,00:00:00,,,,,,,,,,,
1188,"team966 江西中医药大学",0,00:00:00,,,,,,,,,,,
1189,"team969 雅礼中学",0,00:00:00,,,,,,,,,,,
1190,"team971 中山市中山纪念中学",0,00:00:00,,,,,,,,,,,
1191,"team972 中山市中山纪念中学",0,00:00:00,,,,,,,,,,,
1192,"team973 中山市中山纪念中学",0,00:00:00,,,,,,,,,,,
1193,"team977 中山市中山纪念中学",0,00:00:00,,,,,,,,,,,
1194,"team981 中山大学",0,00:00:00,,,,,,,,,,,
1195,"team982 中山大学",0,00:00:00,,,,,,,,,,,
1196,"team984 金策工业综合大学（朝鲜）",0,00:00:00,,,,,,,,,,,
1197,"team986 金策工业综合大学（朝鲜）",0,00:00:00,,,,,,,,,,,
1198,"team988 华南师范大学附属中学",0,00:00:00,,,,,,,,,,,
1199,"team989 华南师范大学附属中学",0,00:00:00,,,,,,,,,,,
1200,"team999 X+Y=Z（中学生）",0,00:00:00,,,,,,,,,,,
