Rank,Author,Solved,Penalty,1001,1002,1003,1004,1005,1006,1007,1008,1009,1010,1011,1012
1,"team902 北京大学",12,16:22:04,02:02:17,00:33:04,02:15:22,00:59:51,02:44:58,01:44:26,00:34:15,01:09:43,"00:38:03 (-1)",00:07:41,"00:14:07 (-1)",02:38:17
2,"team611 衢州第二中学",12,18:28:37,01:58:13,01:08:25,03:12:39,00:49:07,"02:26:38 (-1)",00:27:04,00:46:38,"01:04:25 (-1)",00:48:04,00:12:50,00:06:31,"04:28:03 (-1)"
3,"team956 杭州第二中学",12,20:13:26,"02:14:58 (-2)",01:27:41,"02:58:41 (-1)","00:58:48 (-1)",02:42:59,01:09:14,"01:24:37 (-2)",00:27:40,00:23:18,00:10:10,00:08:35,"03:46:45 (-1)"
4,"team901 北京大学",12,24:01:08,02:58:39,"00:53:58 (-2)",01:28:44,"01:36:44 (-1)","04:05:23 (-1)","02:03:39 (-1)",01:01:27,"01:50:50 (-1)",01:33:11,00:08:06,00:04:37,"03:55:50 (-1)"
5,"team1053 中山市中山纪念中学",12,30:02:37,"01:50:03 (-1)","04:54:19 (-4)",03:37:52,"01:02:03 (-1)","03:12:44 (-1)",00:47:34,"00:51:27 (-3)","02:11:29 (-3)",00:26:35,00:14:52,"00:41:23 (-2)","04:52:16 (-1)"
6,"team104 南京外国语学校",11,21:23:59,04:26:50,"00:26:07 (-1)",03:24:30,"01:01:17 (-1)",03:59:48,"01:22:07 (-2)","01:42:44 (-3)",00:29:58,"00:45:23 (-1)",00:34:35,00:30:40,
7,"team1049 长沙市长郡中学",11,27:11:13,"03:54:29 (-3)","01:52:05 (-1)",04:57:36,01:22:23,03:57:26,"02:41:23 (-4)","02:22:25 (-1)",01:04:25,00:54:38,00:18:25,"00:25:58 (-1)",
8,"team102 南京外国语学校",10,12:16:01,03:05:01,00:37:40,,00:52:09,02:55:09,01:56:45,00:44:42,01:09:36,00:26:00,00:14:39,00:14:20,
9,"team621 海亮高级中学",10,15:53:29,"03:21:14 (-1)","00:39:39 (-2)",,"00:58:03 (-2)","03:40:17 (-3)",01:34:37,00:33:48,01:53:59,00:23:22,00:03:14,00:05:16,
10,"team1029 金陵中学河西分校",10,16:27:47,"03:50:10 (-1)","00:36:37 (-1)",,"01:15:14 (-1)","01:06:25 (-1)",04:07:49,01:21:33,01:58:13,00:32:18,00:07:53,00:11:35,
11,"team571 深圳中学",10,18:08:18,"03:20:58 (-3)","01:35:45 (-3)",(-1),"00:38:07 (-1)",03:31:57,"03:15:40 (-4)",00:56:12,00:26:37,00:25:31,00:05:36,00:11:55,(-1)
12,"team128 南京外国语学校",10,21:29:09,"04:05:36 (-2)","02:36:52 (-2)",,01:05:41,04:36:17,"04:28:54 (-1)","00:42:25 (-1)",01:20:14,00:12:44,00:06:35,00:13:51,
13,"team684 南京大学",10,24:49:20,(-1),"02:09:49 (-4)",,01:07:06,"01:30:40 (-4)","03:26:24 (-5)","03:24:38 (-7)",00:55:33,"00:27:20 (-1)","00:03:49 (-1)",00:08:01,04:16:00
14,"team622 海亮高级中学",10,24:55:04,"02:02:08 (-5)","02:00:59 (-1)",,"01:20:21 (-2)",04:27:13,"04:06:20 (-3)","00:57:29 (-2)","00:54:53 (-1)","02:20:52 (-5)",00:09:36,00:15:13,
15,"team103 南京外国语学校",10,97:20:28,"03:51:29 (-196)","01:44:32 (-2)",(-1),01:38:49,03:44:17,"03:10:07 (-3)","01:03:18 (-1)","02:24:12 (-32)",00:15:18,00:21:50,"00:06:36 (-3)",
16,"team1001 杭州电子科技大学",9,12:16:04,(-1),"01:22:56 (-1)",,00:32:08,04:04:56,02:09:14,00:48:52,"01:50:56 (-1)",00:26:53,00:07:17,00:12:52,
17,"team050 东北大学",9,15:13:53,(-5),"01:30:28 (-1)",,00:41:44,"03:37:34 (-1)",02:44:41,"00:58:42 (-1)",02:06:38,"01:00:32 (-1)",00:08:52,"00:24:42 (-2)",
18,"team1046 湖南师范大学附属中学",9,15:28:01,"02:46:59 (-1)",01:57:38,04:55:10,00:25:36,,,00:40:48,02:02:09,"00:52:52 (-2)","00:15:40 (-1)",00:11:09,
19,"team1024 高老师训练营（中学）",9,16:59:00,,"00:46:08 (-1)",,"01:21:31 (-1)","04:18:02 (-3)","03:24:39 (-1)",00:22:48,"01:43:16 (-2)",01:09:16,"00:11:44 (-1)","00:21:36 (-1)",
20,"team871 复旦大学",9,19:52:50,,"02:33:03 (-2)",,01:08:54,04:51:40,04:56:28,01:49:24,02:36:46,00:45:31,00:06:16,00:24:48,
21,"team478 长沙市长郡中学",9,19:57:56,(-1),"02:08:02 (-4)",,00:59:26,"04:41:33 (-7)",02:46:03,"01:40:00 (-2)",02:02:55,00:44:31,00:09:01,"00:06:25 (-1)",
22,"team061 浙江工业大学",9,20:54:41,,03:14:34,,00:49:42,"04:00:38 (-1)",04:41:28,"02:15:52 (-1)","02:39:05 (-1)","00:41:39 (-2)",00:12:58,"00:18:45 (-1)",
23,"team294 南方科技大学",9,21:08:30,"04:22:34 (-2)","03:04:50 (-1)",,"00:59:27 (-1)",(-1),"03:37:45 (-2)",01:26:31,"02:23:43 (-3)",00:48:17,00:19:36,"00:25:47 (-2)",
24,"team295 南方科技大学",9,21:33:06,,"02:20:52 (-2)",,01:49:32,04:09:27,"04:59:46 (-5)","02:07:34 (-1)","01:31:14 (-1)",00:50:07,00:05:34,"00:19:00 (-1)",
25,"team408 厦门双十中学",9,23:21:51,"03:02:45 (-2)",02:40:18,,"01:13:31 (-4)","02:43:02 (-2)","04:58:28 (-4)",(-12),01:41:06,00:37:24,"00:20:18 (-2)","00:24:59 (-3)",
26,"team1039 南京市第一中学",8,10:03:58,(-1),"01:51:52 (-1)",,"00:48:45 (-2)",,"02:46:54 (-1)",01:06:00,01:29:40,00:23:37,00:06:20,00:10:50,
27,"team620 绍兴一中",8,11:32:23,(-5),"00:51:47 (-1)",(-1),"00:55:15 (-2)",,01:20:27,"01:26:08 (-4)","02:26:41 (-1)",00:37:33,00:08:14,"00:26:18 (-2)",
28,"team123 南京外国语学校",8,12:35:54,,"02:01:39 (-2)",,00:43:07,,"03:26:36 (-2)","00:55:28 (-1)","02:41:40 (-1)",00:33:14,00:04:02,00:10:08,
29,"team004 华东师范大学第二附属中学",8,13:36:08,,"01:53:17 (-2)",,00:29:01,"03:07:35 (-3)",,"02:20:41 (-1)",01:40:40,01:02:25,"00:09:50 (-2)",00:12:39,
30,"team872 复旦大学",8,13:41:14,,02:48:39,,00:48:03,,04:53:56,02:21:43,01:47:46,00:32:07,00:18:11,00:10:49,
31,"team382 华南师范大学附属中学",8,13:45:27,(-14),"02:10:07 (-3)",,"01:41:45 (-1)",04:46:40,,"00:44:24 (-2)",01:24:48,00:20:29,00:04:21,"00:12:53 (-1)",
32,"team952 杭州第二中学",8,14:07:58,,"02:51:44 (-6)",,"01:36:31 (-4)","02:30:37 (-3)",,00:25:16,01:05:51,"00:42:33 (-1)",00:04:42,00:10:44,
33,"team882 复旦大学",8,14:19:05,(-14),"01:41:54 (-2)",,00:41:15,,02:25:55,"03:57:32 (-3)","01:32:58 (-3)","00:37:27 (-1)",00:09:09,00:12:55,
34,"team1002 杭州电子科技大学",8,14:42:24,,"02:05:51 (-1)",,01:07:35,03:40:34,,"04:10:29 (-2)",00:59:41,00:29:00,"00:12:21 (-1)","00:16:53 (-1)",
35,"team297 南方科技大学",8,14:48:47,,"01:23:49 (-5)",,"01:42:07 (-2)",04:09:20,,"01:30:45 (-1)",02:18:04,00:41:47,00:16:32,00:06:23,
36,"team873 复旦大学",8,15:05:11,,"01:13:58 (-1)",,"01:24:35 (-2)",(-3),03:40:54,"02:42:11 (-3)",01:57:37,00:46:46,00:08:32,"00:30:38 (-2)",(-1)
37,"team682 南京大学",8,16:03:57,,"02:33:46 (-1)",,00:56:33,"04:14:25 (-5)",(-13),"01:21:17 (-1)","02:16:23 (-1)",01:00:39,00:09:09,"00:11:45 (-2)",
38,"team106 南京外国语学校",8,16:21:47,(-2),"04:16:35 (-2)",,"00:44:55 (-2)",02:26:39,,"02:40:31 (-4)",01:38:58,"00:38:34 (-1)",00:19:18,"00:16:17 (-1)",
39,"team750 南京理工大学",8,16:21:53,,"03:36:16 (-2)",,00:56:02,(-7),04:49:07,"01:44:36 (-1)",02:47:10,00:39:03,00:09:03,"00:20:36 (-1)",
40,"team1003 杭州电子科技大学",8,16:23:42,,"03:38:22 (-2)",,00:43:49,04:33:01,,"01:29:40 (-4)",02:39:19,00:33:10,00:11:44,"00:14:37 (-1)",
41,"team446 西安电子科技大学",8,17:00:21,,"01:45:59 (-1)",,01:49:20,04:32:08,,03:40:08,03:10:32,00:33:20,"00:18:59 (-1)",00:29:55,
42,"team385 华南师范大学附属中学",8,17:05:33,,"04:16:06 (-4)",,00:54:04,03:04:51,,"01:06:56 (-7)",01:42:23,"00:50:50 (-3)","00:03:40 (-1)",00:06:43,
43,"team367 长沙市雅礼中学",8,17:54:24,,03:02:24,,"01:40:03 (-2)","03:21:07 (-4)",,"01:27:30 (-3)","03:09:41 (-1)","00:43:25 (-1)",00:09:16,"00:20:58 (-1)",
44,"team619 绍兴一中",8,18:16:38,,"03:42:35 (-3)",,"01:32:18 (-1)",03:35:50,,01:36:49,"02:32:37 (-2)","00:40:32 (-2)","00:22:37 (-1)","00:13:20 (-3)",
45,"team954 杭州第二中学",8,18:39:57,,"04:00:43 (-2)",,"00:59:22 (-1)",02:03:28,,"01:42:37 (-4)","04:57:51 (-3)","00:42:58 (-1)",00:09:52,00:23:06,
46,"team304 北京邮电大学",8,19:00:31,,"04:53:40 (-4)",,01:20:41,04:57:13,,"01:47:58 (-2)","02:14:47 (-1)",00:57:27,00:14:06,00:14:39,
47,"team598 温州中学",8,19:21:55,"01:17:57 (-1)","03:20:30 (-1)",,"02:09:41 (-1)",,,"03:15:20 (-3)",04:34:10,"00:42:29 (-5)",00:06:33,00:15:15,
48,"team112 南京外国语学校",8,19:32:30,,"04:29:59 (-1)",,"02:22:24 (-3)","02:36:51 (-4)",,"01:35:00 (-3)",03:20:50,"00:34:54 (-1)",00:04:20,"00:08:12 (-1)",
49,"team384 华南师范大学附属中学",8,19:34:49,,04:37:31,,"00:55:00 (-1)",04:00:54,,"02:03:09 (-5)",02:44:26,01:05:53,"00:36:08 (-1)","00:51:48 (-1)",
50,"team671 南京大学",8,19:55:59,,"03:09:03 (-2)",,"01:22:22 (-1)",,"04:47:36 (-3)",03:13:30,"03:24:53 (-1)",00:56:25,00:09:38,00:32:32,
51,"team293 南方科技大学",8,20:08:54,,"04:31:21 (-2)",,"01:33:30 (-1)",(-3),04:02:51,"02:45:01 (-1)",03:50:44,"00:41:23 (-3)",00:05:39,00:18:25,
52,"team1028 广东工业大学",8,21:24:20,,00:33:43,,01:35:03,,"03:52:11 (-10)",04:17:14,"02:26:06 (-2)","01:24:46 (-4)",00:37:49,"00:57:28 (-1)",
53,"team953 杭州第二中学",8,22:36:29,,"03:28:56 (-2)",,"00:58:14 (-4)",03:49:37,,"01:54:28 (-7)","03:58:54 (-6)","00:41:51 (-1)",00:08:40,"00:15:49 (-2)",
54,"team105 南京外国语学校",8,25:38:51,,"03:01:08 (-3)",,"01:34:47 (-1)","01:12:18 (-3)",,"04:34:51 (-2)","03:01:53 (-1)","02:04:59 (-7)","00:09:39 (-2)","01:19:16 (-7)",
55,"team1058 中山市中山纪念中学",7,10:14:36,,03:18:11,,00:28:26,,,01:36:31,"02:23:55 (-2)",00:51:41,00:11:45,"00:24:07 (-1)",
56,"team761 义乌中学",7,10:38:03,,"03:40:17 (-2)",,01:15:44,,,01:34:49,02:34:45,00:27:23,00:08:15,00:16:50,
57,"team052 东北大学",7,10:59:40,,02:33:22,,00:54:25,,,01:21:11,"03:11:42 (-2)",00:43:08,"00:17:34 (-1)","00:38:18 (-1)",
58,"team1031 金陵中学河西分校",7,11:00:10,,"03:01:27 (-2)",,"01:22:15 (-1)",,,"02:52:47 (-2)",01:07:42,00:27:45,00:13:05,00:15:09,
59,"team121 南京外国语学校",7,11:28:48,,"03:43:06 (-2)",,01:22:48,,,02:34:30,01:46:27,"00:36:42 (-1)",00:10:31,00:14:44,
60,"team715 吉林大学",7,11:48:12,,"02:54:15 (-1)",,"01:32:51 (-2)",(-1),,"03:44:51 (-1)",01:21:24,00:33:38,00:12:22,00:08:51,
61,"team555 清华大学",7,12:24:43,,"02:56:37 (-1)",,01:02:16,,,03:32:16,"01:55:54 (-2)",00:49:00,"00:20:23 (-1)",00:28:17,
62,"team002 华东师范大学第二附属中学",7,12:40:39,,"01:05:03 (-2)",(-3),"00:40:17 (-3)",(-14),,"01:50:18 (-5)",00:49:39,"01:17:35 (-10)",00:06:19,00:11:28,
63,"team739 上海市曹杨第二中学",7,12:51:51,,03:44:12,,02:29:08,,,01:20:08,02:03:07,01:32:23,00:08:50,"01:14:03 (-1)",
64,"team366 长沙市雅礼中学",7,13:38:58,,"02:44:25 (-1)",,"01:27:33 (-3)",,,"02:34:39 (-1)","03:16:45 (-1)","00:31:23 (-1)","00:08:58 (-1)",00:15:15,
65,"team365 长沙市雅礼中学",7,14:09:05,,"02:50:17 (-3)",,00:34:01,,,02:23:29,"03:52:14 (-1)","01:03:28 (-3)",00:10:50,"00:34:46 (-1)",
66,"team124 南京外国语学校",7,14:37:40,,"04:53:09 (-8)",,01:03:04,,,"01:21:16 (-1)","02:03:44 (-2)","00:33:52 (-1)","00:12:21 (-1)",00:10:14,
67,"team193 东莞中学松山湖学校",7,15:02:49,,03:59:14,,"01:28:07 (-4)",,,"02:40:34 (-3)","01:36:51 (-6)",00:31:45,00:09:32,00:16:46,
68,"team418 湘潭大学",7,15:06:07,,"03:29:19 (-2)",,"01:27:23 (-2)",,,03:32:52,02:29:21,"01:05:32 (-2)",00:14:14,"00:27:26 (-1)",
69,"team879 复旦大学",7,15:27:15,,,,"01:29:19 (-1)",,04:59:16,"03:26:33 (-2)",01:56:58,01:18:48,00:11:30,"00:24:51 (-2)",(-1)
70,"team108 南京外国语学校",7,15:38:55,,"04:08:24 (-1)",,"01:15:08 (-1)",,,"02:42:02 (-5)",00:45:33,01:22:07,"00:36:51 (-2)","01:08:50 (-2)",
71,"team580 福州大学",7,15:42:57,,"02:56:13 (-1)",,"01:06:04 (-2)",,,04:03:51,04:17:30,00:40:52,"00:24:49 (-1)","00:13:38 (-2)",
72,"team1007 杭州电子科技大学",7,15:46:07,,"04:36:23 (-1)",,01:19:37,,,"02:49:04 (-1)","03:07:05 (-2)",01:03:45,00:13:39,"00:36:34 (-2)",
73,"team117 南京外国语学校",7,15:53:12,"04:44:45 (-1)",,,01:21:07,,,01:50:55,"02:40:24 (-1)","00:56:30 (-2)","00:30:58 (-2)","00:48:33 (-3)",
74,"team1050 西北工业大学附属中学",7,15:56:45,(-2),,,00:45:50,"02:49:07 (-3)",,"03:18:44 (-6)",04:36:23,00:33:50,00:07:49,"00:25:02 (-1)",(-7)
75,"team874 复旦大学",7,16:36:21,,01:45:29,,00:31:10,,,"04:52:07 (-2)","03:54:27 (-7)","01:12:24 (-2)",00:08:26,"00:12:18 (-1)",
76,"team380 华南师范大学附属中学",7,16:59:20,,"04:03:40 (-3)",,"00:26:28 (-2)",,,"04:37:27 (-4)","02:21:07 (-1)",01:16:21,00:09:09,00:45:08,
77,"team945 厦门实验中学",7,17:05:07,,"04:17:49 (-2)",,"01:48:38 (-4)",,,"02:15:29 (-1)","03:07:54 (-2)","00:41:00 (-1)",00:07:46,"01:06:31 (-1)",
78,"team1005 杭州电子科技大学",7,17:15:53,,,,"01:01:13 (-2)","04:38:31 (-1)",,"04:00:38 (-2)",04:10:21,00:47:30,00:07:06,"00:30:34 (-1)",
79,"team845 四川省成都市第七中学",7,17:32:34,,(-3),,"00:51:40 (-1)","03:06:56 (-10)",,02:16:27,"03:50:05 (-3)","01:10:52 (-2)","00:11:19 (-1)",00:25:15,
80,"team1054 中山市中山纪念中学",7,18:37:20,,,,"00:54:33 (-3)",03:53:48,,"04:34:33 (-2)",04:02:31,"00:53:31 (-3)","00:18:06 (-1)","00:20:18 (-2)",
81,"team877 复旦大学",7,18:42:25,,"04:59:26 (-3)",,"01:43:27 (-1)",,,"02:53:30 (-2)",03:29:33,"01:16:36 (-2)",00:10:08,"00:29:45 (-3)",(-3)
82,"team875 复旦大学",7,19:07:24,,"03:45:13 (-1)",,01:21:25,,,"04:37:47 (-5)","03:56:38 (-1)","01:09:36 (-4)",00:24:09,00:12:36,
83,"team1040 南京市第一中学",6,08:11:30,,,,01:07:16,,,"03:13:32 (-2)",02:01:12,00:42:08,00:09:41,00:17:41,
84,"team368 长沙市雅礼中学",6,08:16:00,,,,00:52:28,02:33:41,,"01:30:42 (-1)",,"00:50:56 (-3)","00:16:58 (-1)","00:11:15 (-1)",
85,"team1009 杭州电子科技大学",6,09:18:24,,,,01:06:00,,,02:42:38,"02:49:43 (-2)",00:25:45,00:24:43,"00:49:35 (-1)",
86,"team1231 山河大学",6,09:25:19,,,,01:44:24,(-1),,01:47:53,"03:16:01 (-1)",00:38:25,00:11:39,"00:46:57 (-2)",
87,"team685 南京大学",6,09:32:12,,,,"01:03:58 (-1)",(-1),,02:03:16,03:58:16,01:22:45,00:18:31,00:25:26,
88,"team553 清华大学",6,09:53:57,,,,01:53:21,03:41:37,,(-5),"02:23:13 (-2)",00:48:34,00:09:05,00:18:07,
89,"team370 浙大城市学院",6,10:05:08,,,,00:58:11,,,"03:33:00 (-2)","03:21:15 (-2)",00:29:26,00:08:52,00:14:24,
90,"team1042 吉林大学",6,10:12:00,,,,"01:22:23 (-1)",,,03:55:48,02:22:39,00:49:57,00:06:57,"00:34:16 (-2)",
91,"team011 华东师范大学",6,10:14:40,,,,"01:07:43 (-1)",(-1),,"02:18:29 (-1)",03:12:36,"01:34:31 (-3)",00:07:17,00:14:04,
92,"team264 北京理工大学",6,10:18:32,,"02:46:09 (-1)",,00:56:34,(-6),,(-3),"04:36:18 (-1)",00:28:54,00:09:19,"00:21:18 (-1)",
93,"team064 浙江工业大学",6,10:31:21,,,,01:12:55,,,01:38:32,"04:26:47 (-1)","00:58:15 (-2)",00:11:13,"00:43:39 (-1)",
94,"team936 东北大学秦皇岛分校",6,10:36:32,,,,01:09:37,04:21:19,03:00:16,(-5),(-4),"00:48:12 (-2)",00:08:41,00:28:27,
95,"team758 武汉科技大学",6,10:37:34,,,,01:40:45,(-5),,02:24:12,03:42:02,01:13:47,00:48:35,"00:28:13 (-1)",
96,"team130 南京外国语学校",6,10:38:05,,"03:54:41 (-2)",,"01:02:01 (-1)",,,,"02:16:10 (-3)",00:41:03,00:09:04,"00:15:06 (-1)",
97,"team170 湖南师范大学",6,10:44:27,,,,"01:25:38 (-2)",,,"02:31:29 (-1)",04:01:58,00:55:22,00:08:45,"00:21:15 (-1)",
98,"team063 浙江工业大学",6,10:58:09,,,,"00:26:26 (-1)",,,"01:43:10 (-1)","04:40:14 (-3)",01:03:05,00:07:48,"00:37:26 (-2)",(-1)
99,"team804 哈尔滨工业大学",6,11:06:32,,,,"01:44:42 (-1)",(-1),,02:16:36,"04:39:11 (-2)",01:01:08,00:07:54,00:17:01,
100,"team166 北京林业大学",6,11:11:46,,,,01:29:42,,,02:28:09,03:41:04,01:18:49,00:15:08,"00:38:54 (-4)",(-2)
101,"team993 东南大学",6,11:14:20,(-2),,,"01:06:05 (-2)",(-2),,"01:04:52 (-1)","04:21:02 (-5)",00:45:10,"00:20:48 (-2)",00:16:23,
102,"team263 北京理工大学",6,11:17:49,,04:44:20,,"00:56:06 (-2)",03:50:48,,,,00:40:25,00:11:37,00:14:33,
103,"team265 北京理工大学",6,11:28:46,,,,01:01:07,04:57:01,,,"02:46:34 (-3)",00:41:51,00:12:44,"00:29:29 (-1)",
104,"team676 南京大学",6,11:28:47,,,,"01:23:10 (-1)","02:31:45 (-2)",,,"04:29:32 (-1)",00:46:42,00:10:18,"00:27:20 (-1)",
105,"team802 哈尔滨工业大学",6,11:41:03,,(-7),,01:56:57,,,"01:40:04 (-3)","02:54:39 (-1)","01:07:38 (-1)",00:19:26,"01:22:19 (-2)",
106,"team1004 杭州电子科技大学",6,11:50:32,,,,00:37:47,,,"04:31:04 (-1)","04:17:25 (-2)","00:33:49 (-1)",00:10:22,00:20:05,
107,"team678 南京大学",6,11:57:08,,,,01:01:38,,,"02:49:30 (-2)","04:55:41 (-1)",00:47:03,00:11:57,"00:31:19 (-2)",
108,"team541 北京交通大学",6,12:01:58,,02:31:20,,01:04:13,,,"04:20:44 (-1)",(-5),"00:54:31 (-4)",00:13:09,"00:38:01 (-2)",
109,"team720 吉林大学",6,12:06:02,,,,00:58:02,"04:12:19 (-2)",,(-17),04:33:34,"00:33:45 (-1)",00:07:40,"00:20:42 (-1)",
110,"team109 南京外国语学校",6,12:07:49,,,,"02:23:14 (-1)","03:40:00 (-7)",,(-10),01:41:27,00:25:08,"00:05:23 (-1)","00:32:37 (-1)",
111,"team303 北京邮电大学",6,12:08:06,,"02:58:09 (-1)",,00:54:39,,,"04:27:17 (-2)",,"00:48:28 (-2)","00:15:49 (-2)",00:23:44,
112,"team501 南京航空航天大学",6,12:10:32,,,,"01:47:54 (-3)",,,02:55:20,03:09:40,"00:45:03 (-1)",00:12:16,"01:00:19 (-3)",
113,"team801 哈尔滨工业大学",6,12:11:56,,,,"02:03:00 (-2)",,,"02:24:31 (-2)",04:35:50,00:45:47,00:18:01,"00:24:47 (-1)",
114,"team051 东北大学",6,12:19:11,,,,"02:06:09 (-4)",01:19:24,,(-7),"03:51:54 (-3)",01:01:12,00:10:52,"00:49:40 (-2)",
115,"team673 南京大学",6,12:21:37,,,,01:24:34,(-1),,"02:34:39 (-2)",04:27:06,"01:15:38 (-1)","00:14:58 (-1)","00:44:42 (-1)",
116,"team302 北京邮电大学",6,12:34:41,,(-8),,00:58:26,,,"03:51:55 (-2)",04:29:18,"01:10:50 (-1)",00:16:53,"00:27:19 (-1)",
117,"team369 长沙市雅礼中学",6,12:49:55,,,,00:55:49,"03:50:20 (-3)",,"03:16:26 (-3)",,01:11:44,"00:14:09 (-3)",00:21:27,
118,"team065 浙江工业大学",6,12:55:42,,,,01:29:48,,,02:35:44,"04:03:29 (-4)","01:16:00 (-2)","00:15:59 (-1)","00:34:42 (-1)",
119,"team491 中国民航大学",6,13:00:05,,,,"01:20:57 (-1)",,,"04:54:57 (-2)","04:16:59 (-1)",00:28:42,00:08:11,00:30:19,
120,"team1041 南京市第一中学",6,13:07:50,,,,"01:18:44 (-2)",,,"03:49:53 (-1)","03:59:55 (-5)","00:41:29 (-1)",00:05:20,00:12:29,
121,"team270 北京理工大学",6,13:13:42,,,,01:39:08,,,"03:57:59 (-2)","04:25:08 (-2)",00:59:06,00:10:35,00:41:46,
122,"team1061 中山市中山纪念中学",6,13:17:05,,(-3),,01:05:40,(-3),,"04:01:33 (-2)","03:50:41 (-5)",00:47:44,00:29:14,00:42:13,
123,"team890 中国科学技术大学",6,13:24:44,,"02:26:30 (-4)",,"02:09:46 (-1)",,,"04:30:45 (-2)",(-1),01:04:30,00:06:54,"00:26:19 (-1)",
124,"team765 义乌中学",6,13:25:00,,"04:55:55 (-1)",,01:42:08,,,02:28:05,(-1),"00:57:07 (-1)","00:13:35 (-3)","00:48:10 (-2)",
125,"team148 合肥工业大学宣城校区",6,13:31:56,,,,"00:49:19 (-1)",04:49:55,,"03:33:09 (-1)",,"01:41:58 (-4)",00:14:01,00:23:34,
126,"team391 湖南大学",6,13:32:31,,"04:43:35 (-3)",,01:34:13,,,(-3),"02:49:14 (-2)",01:20:45,00:10:27,"00:54:17 (-1)",
127,"team413 武汉大学",6,13:42:27,,"04:36:42 (-1)",,"02:44:35 (-3)",,03:06:26,(-31),,"00:44:11 (-1)",00:11:26,"00:19:07 (-1)",
128,"team1060 中山市中山纪念中学",6,13:46:30,,(-4),,"00:52:20 (-1)",,,"02:14:48 (-2)","03:51:11 (-1)","02:13:15 (-6)","00:21:13 (-1)",00:33:43,
129,"team381 华南师范大学附属中学",6,13:48:41,,,,"01:36:46 (-1)",,,"04:42:33 (-1)",03:33:38,"01:04:18 (-1)",00:21:57,"00:49:29 (-2)",
130,"team647 南京信息工程大学",6,14:00:26,,,,01:08:30,04:00:19,,"02:57:56 (-5)",,02:32:02,00:24:41,"00:36:58 (-2)",
131,"team307 北京邮电大学",6,14:06:40,(-1),"04:10:41 (-3)",,01:00:09,,,(-1),"04:43:35 (-4)",00:56:48,00:09:59,"00:25:28 (-1)",(-1)
132,"team530 厦门大学",6,14:13:05,,(-3),,01:52:43,,,"02:32:40 (-1)","04:01:29 (-3)","01:23:59 (-4)",00:13:22,"00:28:52 (-3)",
133,"team878 复旦大学",6,14:37:02,,04:07:06,,00:56:13,,,,"04:54:03 (-9)","00:45:52 (-1)",00:13:56,00:19:52,(-3)
134,"team141 上海理工大学",6,14:55:03,,,,"01:32:42 (-1)",,,"04:14:46 (-3)",03:27:47,01:10:48,00:10:07,"01:58:53 (-3)",
135,"team266 北京理工大学",6,15:19:29,,,,"02:42:55 (-1)",(-1),"02:07:02 (-5)",(-14),"03:38:49 (-1)","02:20:01 (-5)",00:12:44,00:17:58,
136,"team581 福州大学",6,15:19:38,,"04:21:12 (-6)",,"01:53:43 (-1)",,,(-2),03:40:24,"01:19:10 (-1)",00:13:18,"00:31:51 (-2)",
137,"team142 浙江万里学院",6,15:28:09,,"02:48:19 (-2)",,"01:42:38 (-4)",,,(-4),"04:05:10 (-3)","01:19:21 (-1)",00:51:00,"01:01:41 (-1)",
138,"team691 华东师范大学",6,15:51:07,,,,"02:10:12 (-4)",,,"04:07:41 (-2)","04:45:06 (-1)","01:20:06 (-1)",00:07:19,"00:20:43 (-1)",
139,"team964 浙江师范大学",6,17:31:13,,,,01:48:06,,,"04:54:39 (-6)",03:34:14,00:59:03,"00:15:30 (-1)","01:59:41 (-5)",
140,"team955 杭州第二中学",6,19:13:38,,,,"02:09:15 (-1)",,,00:44:54,"04:34:53 (-2)","03:14:09 (-14)","00:09:32 (-1)","01:00:55 (-4)",
141,"team066 浙江工业大学",6,19:48:25,,,,"02:26:56 (-3)","04:58:56 (-4)",,"04:28:24 (-4)",,"01:16:18 (-3)","00:44:34 (-1)","00:33:17 (-1)",
142,"team107 南京外国语学校",6,20:30:25,,,,"01:58:11 (-1)",(-5),,"03:39:55 (-24)","01:24:37 (-2)","01:16:08 (-1)",00:11:09,"01:00:25 (-5)",
143,"team1011 杭州电子科技大学",6,21:01:45,,,,"01:17:46 (-1)","04:49:47 (-5)",,"04:50:25 (-6)",,"02:29:51 (-5)",00:08:40,"00:45:16 (-3)",
144,"team262 北京理工大学",6,21:29:36,,"03:59:56 (-5)",,"02:35:00 (-2)",,"04:35:53 (-5)",(-3),,"03:16:13 (-4)","00:38:23 (-1)",00:44:11,
145,"team1010 杭州电子科技大学",5,05:06:30,,,,01:07:03,(-2),,02:10:42,(-3),00:48:18,00:12:13,00:48:14,
146,"team881 复旦大学",5,05:34:08,,(-1),,01:15:49,,,01:51:54,(-2),"01:08:58 (-2)",00:16:07,00:21:20,(-2)
147,"team674 南京大学",5,06:02:48,,,,01:02:58,(-2),,02:45:24,(-2),00:36:25,"00:42:54 (-2)",00:15:07,
148,"team1006 杭州电子科技大学",5,06:06:02,,,,"00:52:21 (-1)",,,(-3),"02:17:15 (-1)",00:37:06,"00:10:41 (-1)","00:28:39 (-2)",
149,"team441 杭州师范大学",5,06:12:17,,,,01:19:35,,,02:45:12,,"01:08:04 (-1)",00:18:34,00:20:52,
150,"team841 南京大学",5,06:42:58,,,,02:42:36,,,(-6),"02:09:51 (-3)",00:28:21,00:12:17,00:09:53,
151,"team939 福建师范大学",5,06:55:02,,,,"01:03:26 (-2)",,,(-4),"02:56:13 (-2)","00:31:22 (-1)",00:07:29,"00:16:32 (-1)",
152,"team888 中国科学技术大学",5,07:24:17,,,,01:04:31,(-1),,(-4),"03:04:10 (-2)",00:53:06,00:37:20,"00:45:10 (-1)",
153,"team090 长沙理工大学",5,07:25:04,,,,00:39:48,(-1),,"04:03:59 (-2)",,"00:54:23 (-1)",00:05:44,"00:21:10 (-1)",
154,"team907 大连理工大学",5,07:26:14,,,,01:10:25,,,(-4),"04:26:42 (-1)",00:53:41,00:08:29,00:26:57,
155,"team991 浙江理工大学",5,07:36:18,,,,"01:32:21 (-1)",,,"02:49:17 (-2)",,00:55:32,"00:11:43 (-1)","00:27:25 (-1)",
156,"team443 杭州师范大学",5,07:43:14,,,,01:18:10,,,04:04:47,,00:55:13,00:31:54,"00:33:10 (-1)",
157,"team717 吉林大学",5,07:45:43,,,,"00:59:04 (-1)",,,"03:41:22 (-1)",,00:57:19,00:38:35,"00:29:23 (-1)",
158,"team851 华中科技大学",5,07:46:04,,,,"01:53:37 (-1)",,,"03:08:04 (-1)",(-1),"00:41:34 (-1)",00:17:25,"00:25:24 (-1)",
159,"team314 北京邮电大学",5,07:49:09,,,,01:03:33,,,"03:14:39 (-1)",(-1),"01:28:56 (-1)","00:35:03 (-2)",00:06:58,
160,"team010 山东科技大学",5,07:52:57,,,,01:06:26,,,"03:44:48 (-2)",,"01:01:39 (-1)",00:12:10,00:47:54,
161,"team221 大连海事大学",5,07:55:03,,,,"01:37:03 (-1)",,,02:37:17,,"01:39:53 (-1)",00:14:03,"00:26:47 (-2)",
162,"team268 北京理工大学",5,07:57:57,,,,00:53:56,,,,"04:49:16 (-1)",00:49:33,00:16:25,"00:28:47 (-1)",
163,"team884 河海大学",5,08:11:32,,,,01:17:33,,,(-1),"04:17:58 (-1)",00:39:59,"00:14:19 (-1)","00:21:43 (-2)",
164,"team675 南京大学",5,08:12:18,,,,"02:04:46 (-1)",,,,"04:14:43 (-1)",00:41:15,00:14:05,00:17:29,
165,"team753 华中师范大学",5,08:12:19,,,,"01:36:43 (-1)",,,02:56:18,,02:09:27,00:12:39,"00:37:12 (-1)",
166,"team1008 杭州电子科技大学",5,08:16:57,,,,"01:36:32 (-3)",,,"03:35:00 (-1)",(-12),01:07:55,00:08:28,00:29:02,
167,"team259 南京理工大学",5,08:17:08,,,,01:31:41,,,02:50:33,(-1),"02:00:04 (-3)",00:08:17,"00:26:33 (-1)",
168,"team311 北京邮电大学",5,08:30:27,,,,01:24:09,,,"03:46:47 (-2)",(-2),00:54:06,00:22:33,"01:02:52 (-1)",
169,"team790 香港科技大学（广州）",5,08:31:07,,,,01:11:35,"04:49:54 (-2)",,,,00:48:35,00:10:05,"00:30:58 (-1)",
170,"team062 浙江工业大学",5,08:35:22,,,,00:38:48,,,"03:58:40 (-1)",,"02:13:38 (-2)",00:14:59,00:29:17,
171,"team313 北京邮电大学",5,08:37:44,,,,01:49:23,,,(-16),03:28:24,"01:13:11 (-4)",00:13:56,00:32:50,
172,"team961 浙江师范大学",5,08:46:04,,,,"02:02:32 (-2)",,,(-16),"04:09:15 (-2)",00:23:45,00:13:17,00:37:15,
173,"team811 重庆市育才中学",5,08:47:36,,,,02:22:15,,,"04:01:55 (-1)",,01:25:43,00:12:26,00:25:17,
174,"team699 湖南城市学院",5,09:00:56,,,,01:17:17,,,"03:48:36 (-6)",,"00:39:10 (-2)",00:11:55,00:23:58,
175,"team342 南京大学",5,09:03:20,,,,"01:19:42 (-1)",04:11:11,,,,"00:58:00 (-1)",00:25:24,"00:49:03 (-2)",
176,"team759 武汉大学",5,09:09:03,,"03:10:01 (-5)",,01:07:34,,,,,"00:39:58 (-1)","00:39:05 (-4)",00:12:25,
177,"team906 大连理工大学",5,09:10:56,,,,"01:41:20 (-3)",,,,03:27:04,"01:08:28 (-1)","00:16:39 (-1)","00:37:25 (-1)",
178,"team417 湘潭大学",5,09:14:04,,,,"02:04:12 (-3)",,,03:27:30,(-14),00:52:49,00:32:07,"00:37:26 (-2)",
179,"team483 华南理工大学",5,09:14:32,,,,01:04:03,,,"03:01:26 (-1)",,"02:45:43 (-3)",00:17:26,"00:25:54 (-1)",
180,"team316 北京邮电大学",5,09:25:37,,,,01:04:11,,,(-13),"04:18:12 (-1)","01:29:36 (-3)",00:25:04,"00:28:34 (-1)",
181,"team091 长沙理工大学",5,09:42:41,,,,"01:27:50 (-2)",,,03:19:03,,"01:13:46 (-3)",00:11:09,"00:50:53 (-3)",
182,"team562 重庆大学",5,09:45:52,,,,"01:24:34 (-2)",,,03:59:19,,01:03:51,"00:35:41 (-2)","00:42:27 (-2)",
183,"team305 北京邮电大学",5,09:52:28,,,,01:20:09,,,"04:38:17 (-4)",(-5),01:00:37,"00:23:45 (-2)",00:29:40,
184,"team561 重庆大学",5,10:07:35,,,,01:50:36,,,"03:27:04 (-2)",,"01:04:23 (-1)","00:37:05 (-2)","00:28:27 (-3)",
185,"team972 天津大学",5,10:13:46,,,,01:07:37,,,,"03:59:49 (-3)","01:46:54 (-1)",00:14:24,"00:45:02 (-3)",
186,"team840 南京大学",5,10:16:21,,,,01:01:27,,,,04:17:49,"02:16:43 (-2)","00:44:44 (-2)",00:35:38,
187,"team160 山东理工大学",5,10:22:09,,,,"01:44:33 (-1)",,,"03:29:01 (-5)",,"01:32:19 (-1)","00:07:06 (-1)","00:29:10 (-1)",
188,"team582 福州大学",5,10:29:50,,,,"01:29:33 (-2)",,,04:47:52,,01:26:59,00:34:42,"00:50:44 (-2)",
189,"team415 长沙学院",5,10:30:03,,,,"02:13:30 (-1)",,,03:55:30,,"01:33:37 (-2)","00:14:21 (-1)","00:33:05 (-2)",
190,"team111 南京外国语学校",5,10:38:15,,,,"02:10:44 (-2)",,,(-7),"04:56:01 (-1)",00:43:01,00:14:18,"00:34:11 (-3)",
191,"team661 北方工业大学",5,10:51:21,,,,02:16:58,,,(-4),"04:06:11 (-4)","01:31:39 (-1)",00:11:23,"00:45:10 (-1)",
192,"team1036 武汉大学",5,10:52:56,,,,"02:12:09 (-3)",,,"01:34:48 (-1)",(-9),"02:23:57 (-6)",00:10:43,"00:31:19 (-2)",
193,"team880 复旦大学",5,10:54:16,,,,01:41:05,,,(-5),"04:48:36 (-4)","01:05:28 (-1)",00:12:39,"00:46:28 (-2)",
194,"team175 莆田学院",5,10:58:56,,,,02:23:28,(-5),,"03:53:16 (-3)",,"01:46:43 (-2)",00:10:26,"00:45:03 (-1)",
195,"team118 南京外国语学校",5,11:13:27,,,,"02:24:17 (-1)",,,"04:05:27 (-2)",,"01:01:24 (-4)",01:12:53,00:09:26,
196,"team481 华南理工大学",5,11:15:09,,(-2),,"02:24:18 (-3)",,,,"04:21:22 (-2)","01:18:04 (-2)",00:11:16,"00:20:09 (-1)",
197,"team309 北京邮电大学",5,11:19:11,,,,"00:56:29 (-1)",,,"04:50:20 (-2)",,"02:05:33 (-3)",00:16:16,"00:30:33 (-2)",
198,"team803 哈尔滨工业大学",5,11:32:47,,,,"01:50:59 (-2)",,,03:03:01,,"02:15:54 (-5)",00:13:02,"00:49:51 (-3)",
199,"team585 福州大学",5,11:33:46,,,,"01:41:47 (-1)",,,"04:31:45 (-5)",,"01:31:40 (-2)",00:22:57,00:45:37,
200,"team551 清华大学",5,11:34:58,,(-4),,00:45:02,,,"04:10:37 (-4)",,"02:16:57 (-1)","00:18:34 (-3)","00:43:48 (-2)",
201,"team601 郑州轻工业大学",5,11:46:17,,,,01:35:20,,,"04:31:56 (-7)",,"01:15:57 (-1)","00:09:44 (-1)","00:33:20 (-2)",
202,"team110 南京外国语学校",5,11:51:00,,,,01:31:35,,,"04:46:07 (-4)",(-1),"01:55:23 (-3)","00:12:01 (-1)","00:25:54 (-1)",
203,"team876 复旦大学",5,12:12:17,,,,"04:28:48 (-5)",04:13:04,,,,00:44:39,00:22:25,00:43:21,
204,"team147 武汉大学",5,12:12:32,,,,02:09:26,,,"04:43:17 (-6)",,01:36:29,00:07:42,"00:55:38 (-2)",
205,"team962 浙江师范大学",5,12:27:26,,,,"01:54:49 (-1)",,,,"04:45:49 (-9)","01:03:31 (-1)",00:15:07,"00:28:10 (-1)",
206,"team1057 中山市中山纪念中学",5,12:30:42,,,,"01:38:16 (-3)",(-5),,"03:52:47 (-2)",,"01:41:45 (-4)",00:08:16,"01:09:38 (-3)",
207,"team577 南京理工大学",5,12:50:16,,,,"02:20:48 (-2)",,,"03:55:50 (-3)",,01:51:50,"00:57:58 (-1)","01:03:50 (-2)",
208,"team012 华东师范大学",5,12:56:19,,,,"01:10:55 (-2)",,,"04:01:25 (-1)",,"02:46:56 (-9)",00:09:27,00:47:36,(-1)
209,"team459 宁夏大学",5,12:59:23,,,,"02:52:06 (-6)",,,"03:27:55 (-2)",,01:33:15,00:12:15,"01:13:52 (-3)",
210,"team583 福州大学",5,13:03:44,,,,"01:13:13 (-1)",,,"04:28:25 (-7)",,"01:05:56 (-5)",00:06:15,"00:29:55 (-4)",
211,"team1051 中山市中山纪念中学",5,13:08:40,(-14),,,"01:55:44 (-4)",(-1),,"03:05:29 (-6)",,00:56:44,"00:18:21 (-1)","01:52:22 (-4)",
212,"team167 北京林业大学",5,13:14:35,,,,"02:11:52 (-2)",,,04:17:16,,"01:54:29 (-5)",00:19:59,"01:10:59 (-3)",
213,"team960 浙江师范大学",5,13:17:05,,,,01:22:43,04:20:57,,,(-1),"03:03:52 (-7)",00:23:45,"00:45:48 (-3)",
214,"team772 上海大学",5,13:21:47,,,,"01:45:08 (-2)",,,,"04:51:38 (-4)","01:19:20 (-4)","00:20:24 (-2)","00:45:17 (-1)",
215,"team843 四川省成都市第七中学",5,13:26:29,,,,"02:13:57 (-9)",,,"03:58:43 (-7)",(-3),00:53:13,"00:15:09 (-1)",00:25:27,
216,"team965 浙江师范大学",5,13:28:55,,,,02:27:15,,,,"04:46:22 (-1)","02:34:19 (-6)",00:18:37,"00:22:22 (-2)",
217,"team694 华东师范大学",5,13:58:12,,,,"02:41:23 (-3)",04:50:01,,,,"01:13:25 (-2)","01:03:27 (-5)","00:29:56 (-1)",
218,"team822 南京邮电大学",5,14:25:55,,,,01:00:04,04:33:17,,,,"04:23:20 (-9)",00:11:19,"00:37:55 (-2)",
219,"team298 南方科技大学",5,14:35:24,,,,"02:50:04 (-5)",,,,04:43:36,"01:13:43 (-4)","01:04:41 (-2)",01:03:20,
220,"team449 西安电子科技大学",5,14:42:03,,,,"03:12:11 (-3)",,,04:22:27,,"02:21:20 (-1)",00:15:20,"01:30:45 (-5)",
221,"team844 四川省成都市第七中学",5,15:09:05,,,,"03:07:11 (-5)",(-3),,"04:47:28 (-5)",,"00:56:08 (-4)","00:12:41 (-2)","00:25:37 (-1)",
222,"team763 义乌中学",5,15:31:52,,,,"02:38:46 (-5)",04:37:09,,,,"02:06:33 (-7)",00:13:17,"00:36:07 (-4)",
223,"team185 广东工业大学",5,15:35:42,,,,03:13:58,,,"04:57:15 (-3)",,"01:51:10 (-1)",00:21:42,"03:11:37 (-2)",
224,"team1062 中山市中山纪念中学",5,15:49:30,,,,"01:29:55 (-3)",(-1),,"04:50:53 (-13)",,"00:54:56 (-1)",00:19:57,"01:53:49 (-2)",
225,"team078 江西理工大学南昌校区",5,16:20:22,,,,"01:44:57 (-2)",,,"04:56:30 (-13)",,"01:29:11 (-5)","00:14:34 (-2)",00:35:10,
226,"team335 天津理工大学",5,16:20:28,,,,"02:28:45 (-1)",,,"03:59:02 (-5)",,"02:07:28 (-5)",00:08:28,"01:36:45 (-7)",
227,"team392 湖南大学",5,16:59:38,,,,03:10:06,,,"04:04:17 (-1)",,03:38:25,02:48:44,02:58:06,
228,"team817 重庆市育才中学",4,02:39:13,,,,01:28:26,,,(-5),,00:42:55,00:16:45,00:11:07,
229,"team679 南京大学",4,02:51:35,,,,"01:01:53 (-1)",,,(-2),,00:53:03,00:12:38,00:24:01,
230,"team333 同济大学",4,03:12:57,,,,"00:49:09 (-2)",,(-10),,,"00:39:15 (-1)",00:16:26,"00:08:07 (-1)",
231,"team855 华中科技大学",4,03:13:25,,,,01:03:00,,,(-4),,"00:51:35 (-1)",00:17:40,"00:21:10 (-1)",
232,"team963 浙江师范大学",4,03:18:29,,,,"01:16:20 (-1)",,,(-1),(-5),00:57:21,00:27:44,00:17:04,
233,"team325 中国地质大学（北京）",4,03:19:48,,,,01:04:38,,,(-4),(-6),"01:04:21 (-1)",00:19:38,00:31:11,
234,"team001 华东师范大学第二附属中学",4,03:30:37,,,,00:42:32,(-2),,(-44),,"00:41:47 (-2)","00:07:15 (-1)","00:19:03 (-2)",
235,"team310 北京邮电大学",4,03:34:26,,,,01:17:28,,,(-1),,00:58:49,"00:11:45 (-1)","00:26:24 (-1)",
236,"team211 浙江理工大学",4,03:35:51,,,,01:25:06,,,,,00:57:23,"00:23:05 (-1)",00:30:17,
237,"team372 浙大城市学院",4,03:40:40,,,,01:27:48,,,(-3),,"01:02:22 (-1)",00:16:36,00:33:54,
238,"team131 浙大宁波理工学院",4,03:43:15,,,,"01:16:28 (-1)",,,,,"00:56:19 (-1)",00:03:57,"00:26:31 (-1)",
239,"team033 中国传媒大学",4,03:43:29,,,,00:54:27,,,(-2),,"01:37:45 (-1)",00:12:32,00:38:45,
240,"team222 大连海事大学",4,03:43:53,,,,01:15:12,,,(-3),,"01:26:14 (-1)",00:08:24,00:34:03,
241,"team910 广西大学",4,03:44:57,,,,"00:50:01 (-2)",,,,,01:09:06,"00:12:20 (-1)",00:33:30,
242,"team172 湖南师范大学",4,03:46:00,,,,"01:15:29 (-1)",,,(-4),,00:54:57,"00:16:00 (-1)","00:19:34 (-1)",
243,"team781 浙江财经大学",4,03:47:38,,,,"01:23:10 (-1)",,,,(-4),01:01:08,00:08:34,"00:34:46 (-1)",
244,"team740 南昌航空大学",4,03:50:27,,,,"01:42:21 (-1)",(-8),,,,01:07:12,00:11:42,00:29:12,
245,"team358 华中农业大学",4,03:52:05,,,,"01:16:40 (-1)",,,(-2),(-2),"00:55:23 (-1)",00:15:32,"00:24:30 (-1)",
246,"team773 上海大学",4,03:55:16,,,,"01:28:03 (-1)",,,,,00:53:32,"00:16:28 (-1)","00:17:13 (-1)",
247,"team1013 杭州电子科技大学",4,03:56:11,,,,"01:37:55 (-1)",,,,,00:55:12,00:12:35,"00:30:29 (-1)",
248,"team852 华中科技大学",4,03:58:18,,,,"01:22:30 (-1)",,,(-1),,"00:58:42 (-1)",00:10:15,"00:26:51 (-1)",
249,"team657 南京理工大学",4,03:58:41,,,,01:42:29,,,(-5),,00:52:12,00:13:57,"00:50:03 (-1)",
250,"team485 江西理工大学",4,03:59:10,,,,01:17:20,,,(-8),,"01:04:31 (-3)",00:12:35,00:24:44,
251,"team970 天津大学",4,04:06:53,,,,"01:14:49 (-1)",,,,,"00:52:02 (-2)",00:40:02,00:20:00,
252,"team030 中国传媒大学",4,04:10:52,,,,00:56:45,,,,,"01:31:25 (-1)",00:18:07,"00:44:35 (-1)",
253,"team783 浙江财经大学",4,04:11:21,,,,02:03:05,,,,,"01:16:04 (-1)",00:12:21,00:19:51,
254,"team524 厦门大学",4,04:17:14,,,,"02:00:27 (-1)",,,,(-1),00:48:22,00:16:08,00:52:17,
255,"team572 深圳中学",4,04:18:54,,,,01:03:29,,,(-3),,00:38:59,00:18:00,"00:58:26 (-4)",
256,"team757 长春理工大学",4,04:22:53,,,,01:02:41,,,(-3),,"01:15:59 (-4)",00:14:19,00:29:54,
257,"team686 青岛科技大学",4,04:27:10,,,,"01:33:00 (-2)",,,(-4),,"01:09:00 (-1)",00:13:44,00:31:26,
258,"team273 浙江工商大学",4,04:27:17,,,,"01:32:08 (-1)",(-2),,,,"01:00:08 (-3)",00:09:02,00:25:59,
259,"team770 上海大学",4,04:30:15,,,,01:28:55,,,(-7),,01:07:21,01:12:56,"00:21:03 (-1)",
260,"team210 浙江理工大学",4,04:31:14,,,,00:56:20,,,(-10),,01:15:44,00:16:58,"00:42:12 (-4)",
261,"team200 江西财经大学",4,04:32:01,,,,01:14:53,,,(-10),,00:57:09,"00:34:22 (-1)","00:25:37 (-3)",
262,"team1012 杭州电子科技大学",4,04:35:10,,,,01:48:44,,,(-9),,"01:25:35 (-1)",00:06:25,00:54:26,
263,"team336 武汉大学",4,04:35:17,,,,"02:05:24 (-2)",(-1),,(-2),,00:40:06,00:11:02,"00:38:45 (-1)",
264,"team122 南京外国语学校",4,04:35:51,,,,01:37:02,,,(-5),,01:59:33,00:14:05,00:45:11,
265,"team645 南京信息工程大学",4,04:38:00,,,,01:04:09,(-8),,,,"00:54:36 (-1)","00:18:13 (-1)","00:41:02 (-3)",
266,"team274 浙江工商大学",4,04:40:11,,,,01:32:02,,,(-2),,"01:50:07 (-2)",00:10:18,00:27:44,
267,"team067 浙江工业大学",4,04:42:40,,,,01:28:12,,,(-7),,"01:13:37 (-2)","00:17:07 (-1)",00:43:44,
268,"team632 南阳理工学院",4,04:44:22,,,,"01:45:47 (-2)",,,(-8),,01:10:17,00:10:00,"00:38:18 (-1)",
269,"team635 南阳理工学院",4,04:46:29,,,,01:37:17,,,,,01:35:32,00:23:12,"00:50:28 (-1)",
270,"team853 华中科技大学",4,04:46:58,,,,01:25:53,,,(-3),,"01:08:49 (-1)",00:11:06,"00:41:10 (-3)",
271,"team039 南阳师范学院",4,04:47:47,,,,02:08:09,,,(-7),,"01:34:35 (-1)",00:21:25,00:23:38,
272,"team752 华中师范大学",4,04:48:30,,,,02:19:21,,,(-3),,01:22:48,00:24:36,00:41:45,
273,"team420 湘潭大学",4,04:49:08,,,,01:39:27,,,(-20),,01:26:17,"00:23:31 (-1)",00:59:53,
274,"team206 苏州大学",4,04:56:15,,,,01:48:46,,,,,"01:31:45 (-2)",00:11:51,00:43:53,
275,"team484 华南理工大学",4,04:56:31,,,,01:35:09,,,,,"01:12:09 (-1)","00:42:07 (-1)","00:27:06 (-1)",
276,"team442 杭州师范大学",4,04:56:58,,,,"01:53:42 (-1)",,,,,00:57:46,"00:41:26 (-1)","00:24:04 (-1)",
277,"team021 华东理工大学",4,04:57:12,,,,"01:14:23 (-1)",,,(-3),(-3),"01:02:45 (-3)",00:13:29,"00:46:35 (-1)",
278,"team031 中国传媒大学",4,05:06:06,,,,01:24:16,,,(-3),,"01:51:57 (-1)","00:29:31 (-1)",00:40:22,
279,"team891 安阳工学院",4,05:09:26,,,,02:20:52,,,(-4),(-1),"01:47:03 (-1)",00:13:06,00:28:25,
280,"team180 广东工业大学",4,05:13:27,,,,01:56:23,,,(-6),,"01:16:28 (-2)",00:16:44,"00:23:52 (-2)",
281,"team640 厦门理工学院",4,05:17:48,,,,"01:27:48 (-3)",,,(-5),,"00:52:29 (-2)",00:11:38,"00:25:53 (-2)",
282,"team218 浙江理工大学",4,05:18:52,,,,"01:35:34 (-1)",,,(-1),,01:13:23,"00:27:59 (-2)","00:41:56 (-1)",
283,"team044 阜阳师范大学",4,05:20:08,,,,"02:05:43 (-5)",(-1),,(-4),,00:42:35,00:09:20,"00:22:30 (-1)",
284,"team454 北京化工大学",4,05:22:04,,,,01:38:31,,,,,"02:00:53 (-2)",00:08:46,"00:33:54 (-1)",
285,"team885 河海大学",4,05:22:48,,,,02:18:55,,,,,01:33:24,00:17:14,"00:53:15 (-1)",
286,"team256 东华大学",4,05:22:58,,,,01:04:37,(-7),,,,"01:26:19 (-2)","00:15:31 (-1)","00:36:31 (-3)",
287,"team277 浙江工商大学",4,05:24:03,,,,01:27:58,(-1),,,,"01:30:13 (-2)",00:06:12,"00:39:40 (-3)",
288,"team754 华中师范大学",4,05:27:23,,,,02:31:28,,,,,01:03:26,"00:18:04 (-1)",01:14:25,
289,"team631 南阳理工学院",4,05:30:27,,,,02:12:36,,,(-4),,"01:44:59 (-3)",00:07:44,00:25:08,
290,"team080 武汉大学",4,05:34:33,,,,02:29:33,,,(-10),,01:05:44,00:13:07,"01:06:09 (-2)",
291,"team115 南京外国语学校",4,05:37:34,,,,02:32:58,,,,,"00:51:12 (-5)",00:11:57,00:21:27,
292,"team162 山东理工大学",4,05:37:48,,,,"02:48:52 (-2)",,,(-4),,01:15:26,00:11:16,00:42:14,
293,"team547 华南师范大学",4,05:38:43,,,,"02:35:16 (-2)",,,(-1),,00:55:18,00:09:02,"00:59:07 (-1)",
294,"team315 北京邮电大学",4,05:40:20,,(-1),,"01:39:11 (-1)",,,,(-7),"01:02:15 (-2)",00:14:07,"01:24:47 (-1)",
295,"team308 北京邮电大学",4,05:43:08,,,,02:25:04,(-2),,,(-1),"00:42:42 (-1)",00:13:54,"01:21:28 (-2)",
296,"team823 南京邮电大学",4,05:47:34,,,,01:42:30,(-2),,,,"01:20:25 (-3)","00:16:56 (-1)","00:47:43 (-1)",
297,"team341 南京大学",4,05:49:06,,,,"02:00:38 (-2)",,,,,"01:06:07 (-2)",00:09:55,"00:32:26 (-2)",
298,"team205 苏州大学",4,05:50:50,,,,"02:15:25 (-3)",,,(-1),,"01:21:39 (-1)",00:11:43,00:42:03,
299,"team450 西安电子科技大学",4,05:52:14,,,,"01:17:44 (-1)",,,,,"02:17:37 (-1)","00:15:58 (-1)","00:40:55 (-1)",
300,"team386 华南师范大学附属中学",4,05:52:28,,04:06:08,,(-5),,,(-1),,"00:58:22 (-1)",00:10:16,00:17:42,
301,"team798 西南财经大学",4,05:53:57,,,,"02:06:01 (-1)",,,(-2),,"01:10:41 (-2)",00:19:50,"00:37:25 (-2)",
302,"team272 北京理工大学",4,05:57:57,,,,01:40:15,,,(-6),(-3),"01:53:33 (-5)",00:19:17,00:24:52,
303,"team869 香港大学",4,05:59:38,,,,,,,,04:49:48,00:36:56,00:11:17,00:21:37,
304,"team169 武汉大学",4,06:01:09,,,,01:50:43,,,(-4),,01:24:40,"00:50:49 (-2)","00:54:57 (-1)",
305,"team469 延安大学西安创新学院",4,06:02:43,,,,02:10:38,,,,,"01:56:39 (-2)",00:11:02,"00:44:24 (-1)",
306,"team146 武汉大学",4,06:05:32,,,,"01:49:49 (-2)",(-4),,(-1),,"00:38:07 (-1)",00:16:03,"01:21:33 (-3)",
307,"team213 浙江理工大学",4,06:07:15,,,,"01:13:13 (-2)",,,,,"01:04:16 (-4)",00:12:37,"00:37:09 (-3)",
308,"team220 浙江理工大学",4,06:08:53,,,,02:22:41,,,,,"01:33:35 (-2)",00:10:31,"01:02:06 (-1)",
309,"team226 成都信息工程大学",4,06:10:19,,,,"01:28:58 (-2)",,,(-1),,01:09:56,00:27:23,"00:44:02 (-5)",
310,"team749 暨南大学",4,06:11:01,,,,01:52:25,,,(-4),,"01:28:19 (-4)",00:08:20,"00:41:57 (-2)",
311,"team055 东北大学",4,06:11:10,,,,01:54:25,(-5),,(-1),,"01:23:38 (-2)","00:17:10 (-1)","00:55:57 (-2)",
312,"team258 武汉大学",4,06:11:18,,,,01:27:47,,,,(-2),"02:17:17 (-3)",00:12:46,"00:33:28 (-2)",
313,"team1043 南京理工大学",4,06:12:39,,,,02:07:31,,,(-8),,"01:33:04 (-4)","00:15:22 (-1)",00:36:42,
314,"team043 阜阳师范大学",4,06:12:43,,,,01:51:43,,,(-1),,"01:12:09 (-2)","00:18:00 (-5)",00:30:51,
315,"team082 东北师范大学",4,06:13:57,,,,"02:36:36 (-3)",,,(-2),,01:40:56,00:08:52,"00:27:33 (-1)",
316,"team383 华南师范大学附属中学",4,06:14:07,"04:05:39 (-2)",,,(-3),,,,,00:46:58,00:17:09,00:24:21,
317,"team807 北师大香港浸会大学",4,06:14:31,,,,"01:41:19 (-1)",,,(-10),,"01:36:08 (-1)","00:28:00 (-1)","00:49:04 (-2)",
318,"team866 香港中文大学（深圳）",4,06:14:40,,,,01:22:25,,,,,"02:53:45 (-3)",00:18:44,00:39:46,
319,"team057 东北大学",4,06:16:09,,,,"00:59:52 (-1)",,,(-7),,"01:24:27 (-7)","00:28:08 (-1)",00:23:42,
320,"team1035 浙江师范大学",4,06:17:16,,,,02:20:08,,,,,"01:33:55 (-4)","00:15:34 (-1)",00:27:39,
321,"team648 西南科技大学",4,06:18:13,,,,"01:27:34 (-1)",,,,(-62),"01:44:31 (-3)","00:14:59 (-1)","00:51:09 (-1)",
322,"team666 长春理工大学",4,06:18:27,,,,"01:52:12 (-1)",,,,,01:43:06,"00:57:17 (-2)","00:25:52 (-1)",
323,"team321 中国地质大学（北京）",4,06:21:09,,,,02:41:20,,,,,"01:51:48 (-1)",00:18:52,"00:49:09 (-1)",
324,"team497 中国民航大学",4,06:22:08,,,,"01:56:08 (-3)",,,(-4),,"01:18:43 (-3)",00:04:22,"00:22:55 (-2)",
325,"team692 华东师范大学",4,06:23:55,,,,01:58:59,,,,,"02:04:57 (-1)",00:28:22,"00:51:37 (-2)",
326,"team371 浙大城市学院",4,06:24:18,,,,01:01:46,,,,,"01:42:20 (-4)",00:18:30,"01:01:42 (-3)",
327,"team301 北京邮电大学",4,06:26:51,,,,"01:45:05 (-1)",,,,,"00:54:30 (-1)","00:13:13 (-1)","01:54:03 (-2)",
328,"team284 宁波大学",4,06:27:40,,,,"00:49:14 (-2)",,,,,"01:57:42 (-7)",00:08:52,"00:11:52 (-1)",
329,"team416 长沙学院",4,06:30:18,,,,"03:21:39 (-2)",,,,,01:18:38,00:07:21,"00:42:40 (-1)",
330,"team602 郑州轻工业大学",4,06:31:40,,,,"02:15:27 (-1)",,,(-6),,01:16:44,00:12:40,"00:46:49 (-5)",
331,"team013 华东师范大学",4,06:31:50,,,,"02:25:05 (-1)",,,(-6),,"01:50:36 (-2)","00:09:52 (-1)","00:26:17 (-1)",
332,"team132 浙大宁波理工学院",4,06:34:57,,,,01:09:31,,,(-2),,"01:32:52 (-6)","00:15:19 (-2)","00:37:15 (-1)",
333,"team331 同济大学",4,06:35:00,,,,02:09:49,,,,,"01:21:00 (-1)","00:35:35 (-1)","01:28:36 (-1)",
334,"team042 阜阳师范大学",4,06:37:06,,,,02:19:55,,,(-17),,"01:54:08 (-3)",00:09:57,"00:53:06 (-1)",
335,"team762 义乌中学",4,06:40:18,,,,01:53:40,,,(-2),,"02:16:28 (-3)","00:20:06 (-1)",00:50:04,
336,"team171 湖南师范大学",4,06:42:14,,,,"03:12:03 (-4)",,,(-1),,01:09:10,00:10:59,"00:30:02 (-1)",
337,"team165 山东理工大学",4,06:42:19,,,,02:05:24,,,,,01:41:21,"00:19:31 (-1)","00:56:03 (-4)",
338,"team723 西安电子科技大学",4,06:42:20,,,,"01:25:54 (-2)",,,(-5),,"02:18:44 (-3)",00:16:40,"00:41:02 (-1)",
339,"team253 成都理工大学",4,06:44:56,,,,02:18:50,,,(-3),,"02:39:30 (-3)",00:09:06,00:37:30,
340,"team927 北华大学",4,06:45:13,,,,02:35:50,(-1),,,,02:16:06,00:14:44,"00:58:33 (-2)",
341,"team054 东北大学",4,06:46:33,,,,00:55:42,(-1),,(-3),,"01:56:39 (-7)","00:22:34 (-1)","00:31:38 (-1)",
342,"team658 南通大学",4,06:46:36,,,,"02:32:05 (-1)",,,,,"01:52:21 (-1)",00:15:05,"01:07:05 (-1)",
343,"team681 南京大学",4,06:46:42,,,,"01:56:14 (-1)",,,,,"01:30:46 (-1)",00:24:36,"00:55:06 (-4)",
344,"team1014 杭州电子科技大学",4,06:49:20,,,,"02:02:08 (-2)",,,(-4),,"01:21:58 (-5)","00:22:46 (-1)",00:22:28,
345,"team733 天津工业大学",4,06:49:51,,,,"02:12:09 (-1)",,,,,"02:40:33 (-2)",00:15:26,00:41:43,
346,"team269 北京理工大学",4,06:52:23,,,,"02:09:08 (-1)",,,(-1),,"01:56:39 (-2)",00:19:35,"00:27:01 (-3)",
347,"team245 中国计量大学",4,06:52:25,,,,"02:22:56 (-1)",,,,,01:55:40,00:14:41,"01:19:08 (-2)",
348,"team512 浙江科技大学",4,06:55:36,,,,"02:55:44 (-2)",,,(-4),,"01:37:41 (-2)",00:09:45,"00:32:26 (-1)",
349,"team624 海亮高级中学",4,06:56:11,,,,"03:44:19 (-1)",,,(-2),,01:07:21,00:24:23,"00:40:08 (-2)",
350,"team966 浙江师范大学",4,06:56:14,,,,01:13:10,,,,,"04:07:55 (-3)",00:08:29,00:26:40,
351,"team014 华东师范大学",4,06:56:41,,,,"03:09:36 (-2)",,,,,"01:47:01 (-1)",00:13:31,"00:26:33 (-1)",
352,"team943 北京科技大学",4,06:58:55,,,,"01:29:04 (-1)",,,,,"01:40:32 (-4)",00:15:33,"00:53:46 (-3)",
353,"team257 东华大学",4,06:59:58,,,,01:07:43,,,,,"01:21:44 (-7)",00:11:01,"00:39:30 (-4)",
354,"team942 国防科技大学",4,07:02:29,,,,"03:03:43 (-1)",,,(-6),,01:54:23,00:13:43,"01:10:40 (-1)",
355,"team306 北京邮电大学",4,07:04:39,,,,"02:01:01 (-1)",,,(-4),(-6),01:21:07,00:16:17,"02:06:14 (-3)",
356,"team035 中国传媒大学",4,07:04:44,,,,01:33:41,,,,,"02:03:20 (-3)",00:20:47,"00:46:56 (-4)",
357,"team016 华东师范大学",4,07:05:26,,,,"03:04:49 (-2)",,,,,"01:50:06 (-1)",00:11:50,"00:38:41 (-1)",
358,"team695 华东师范大学",4,07:07:28,,,,03:08:10,,,,,"02:16:47 (-1)",00:22:41,00:59:50,
359,"team184 广东工业大学",4,07:09:08,,,,"00:52:51 (-4)",,,(-6),,01:40:18,"00:20:02 (-2)","01:35:57 (-2)",
360,"team337 黄冈师范学院",4,07:09:33,,,,"01:53:24 (-1)",,,(-8),,"02:29:10 (-1)",00:10:18,"00:56:41 (-3)",
361,"team150 武汉大学",4,07:10:41,,,,"02:07:33 (-1)",(-6),,,(-2),"00:54:36 (-5)","00:16:36 (-1)","00:51:56 (-2)",
362,"team638 厦门理工学院",4,07:10:48,,,,02:01:35,,,(-2),,00:49:38,00:55:14,"01:44:21 (-5)",
363,"team660 广州外语外贸大学",4,07:12:06,,,,"01:45:39 (-1)",,,,,"01:41:11 (-6)",00:08:20,"00:56:56 (-1)",
364,"team457 北京化工大学",4,07:12:18,,,,"02:27:18 (-2)",,,,,"01:40:14 (-1)",00:11:26,"00:33:20 (-4)",
365,"team704 中南大学",4,07:13:11,,,,02:01:21,,,,,"02:00:18 (-2)",00:11:12,"01:20:20 (-3)",
366,"team842 南京大学",4,07:13:56,,,,01:06:01,,,(-2),(-3),"01:18:29 (-8)",00:07:32,"00:41:54 (-4)",
367,"team856 华中科技大学",4,07:17:04,,,,"01:46:41 (-1)",,,,,"02:02:16 (-5)",00:07:37,"00:40:30 (-2)",
368,"team143 浙江万里学院",4,07:18:22,,,,"02:09:58 (-3)",,,(-2),,"01:16:20 (-1)","00:20:21 (-2)","00:51:43 (-2)",
369,"team500 南京航空航天大学",4,07:22:29,,,,"03:40:43 (-4)",,,,,00:52:52,"00:16:42 (-2)",00:32:12,
370,"team083 东北师范大学",4,07:23:11,,,,"03:36:59 (-2)",(-11),,,,01:45:44,00:20:57,00:59:31,
371,"team667 长春理工大学",4,07:24:08,,,,01:35:53,,,(-5),,"02:25:28 (-3)",00:11:49,"00:50:58 (-4)",
372,"team702 中南大学",4,07:24:17,,,,"00:57:05 (-1)",,,,,"02:23:15 (-2)","00:22:28 (-1)","01:41:29 (-2)",
373,"team456 北京化工大学",4,07:28:39,,,,02:38:35,,,,,01:56:35,00:31:18,"01:22:11 (-3)",
374,"team923 南昌大学",4,07:28:47,,,,"03:30:04 (-4)",,,,,01:29:37,00:16:24,"00:32:42 (-1)",
375,"team755 华中师范大学",4,07:28:53,,,,01:18:59,,,,,"02:49:35 (-3)",00:27:16,"01:33:03 (-1)",
376,"team356 华中农业大学",4,07:32:30,,,,"01:51:05 (-1)",,,,,"02:41:34 (-3)",00:12:10,"01:07:41 (-1)",
377,"team908 大连理工大学",4,07:35:29,,,,02:29:39,,,(-4),,"01:49:42 (-2)","00:23:10 (-1)","01:12:58 (-2)",
378,"team1034 浙江师范大学",4,07:35:55,,,,02:52:39,,,,,"02:32:43 (-4)",00:14:07,00:36:26,
379,"team087 东北师范大学",4,07:39:12,,,,"02:51:10 (-1)",,,,,02:10:26,00:37:39,"00:59:57 (-2)",
380,"team725 西安电子科技大学",4,07:40:31,,,,"01:46:40 (-2)",,,(-5),,"02:09:20 (-4)",00:05:28,"00:39:03 (-3)",
381,"team487 江苏科技大学",4,07:41:33,,,,"03:08:26 (-1)",,,(-1),,"02:21:54 (-3)",00:13:00,00:38:13,
382,"team058 东北大学",4,07:46:49,,,,"01:18:43 (-1)",,,,,"02:42:18 (-6)",00:14:20,"00:51:28 (-1)",
383,"team347 南京大学",4,07:47:17,,,,"02:29:02 (-1)",,,,,"01:39:11 (-5)",00:41:09,"00:37:55 (-1)",
384,"team271 北京理工大学",4,07:50:10,,,,"02:05:55 (-2)",,,(-2),,"02:44:30 (-4)",00:16:14,"00:23:31 (-1)",
385,"team713 吉林大学",4,07:50:32,,,,"01:50:42 (-1)",,,,,"02:18:47 (-6)",00:13:31,"00:27:32 (-2)",
386,"team642 南京信息工程大学",4,07:51:16,,,,"02:47:23 (-2)",,,,,01:59:32,"00:33:54 (-2)","00:50:27 (-1)",
387,"team511 浙江科技大学",4,07:52:14,,,,"03:11:59 (-5)",,,(-12),,"00:59:55 (-1)",00:08:21,"00:31:59 (-3)",
388,"team364 浙江育英职业技术学院",4,07:53:56,,,,"02:12:27 (-1)",,,(-1),,"01:10:30 (-2)","00:11:00 (-1)","01:19:59 (-5)",
389,"team493 中国民航大学",4,07:54:09,,,,"03:10:06 (-1)",,,,,"02:06:59 (-2)",00:06:16,"01:10:48 (-1)",
390,"team452 浙江农林大学",4,07:56:53,,,,"02:45:51 (-3)",,,,,"01:44:39 (-3)","00:13:43 (-1)","00:32:40 (-1)",
391,"team390 湖南大学",4,07:57:27,,,,01:49:37,,,(-2),,01:08:11,00:17:43,"03:21:56 (-4)",
392,"team163 山东理工大学",4,08:00:48,,,,01:56:15,,,(-6),,"01:37:37 (-5)",00:11:17,"01:15:39 (-4)",
393,"team971 天津大学",4,08:01:41,,,,"02:21:36 (-1)",,,,,"02:53:57 (-2)",00:18:22,"01:07:46 (-1)",
394,"team550 华南师范大学",4,08:03:11,,,,02:51:01,,,,,"02:02:29 (-3)",00:39:08,"01:10:33 (-1)",
395,"team095 武汉大学",4,08:05:02,,,,"01:40:29 (-3)",,,(-3),,"01:19:59 (-2)",00:16:23,"01:48:11 (-4)",
396,"team838 河南理工大学",4,08:05:52,,,,02:20:32,,,,,"01:57:39 (-5)",00:15:51,"01:11:50 (-2)",
397,"team563 重庆大学",4,08:06:10,,,,"02:39:23 (-2)",,,(-11),,"02:09:04 (-5)",00:09:44,"00:27:59 (-1)",
398,"team182 广东工业大学",4,08:10:25,,,,"02:20:00 (-2)",,,,,"02:12:43 (-2)",00:22:48,"01:14:54 (-2)",
399,"team482 华南理工大学",4,08:10:59,,,,"02:20:23 (-3)",,,(-2),,"02:36:15 (-4)",00:18:52,00:35:29,
400,"team644 南京信息工程大学",4,08:11:09,,,,"01:41:35 (-3)",,,(-1),,00:51:00,00:06:10,"02:12:24 (-7)",
401,"team300 南方科技大学",4,08:11:20,,,,"03:40:47 (-2)",,,(-3),,"01:37:20 (-4)",00:15:43,00:37:30,
402,"team911 广西大学",4,08:11:40,,,,"03:06:46 (-1)",,,(-1),,01:35:40,01:06:17,"01:22:57 (-2)",
403,"team957 杭州第二中学",4,08:13:12,,,,"03:06:23 (-1)",,,,,"02:32:18 (-2)",00:20:51,"00:33:40 (-2)",
404,"team728 青岛大学",4,08:13:41,,,,"03:01:07 (-2)",,,,(-1),02:14:25,"00:13:53 (-1)","01:04:16 (-2)",
405,"team275 浙江工商大学",4,08:13:54,,,,"01:52:29 (-2)",,,,,"02:06:48 (-3)",00:09:57,"00:44:40 (-5)",
406,"team419 湘潭大学",4,08:16:41,,,,"02:24:15 (-1)",,,,,"01:08:23 (-3)","00:32:41 (-1)","01:31:22 (-3)",
407,"team455 北京化工大学",4,08:18:30,,,,"02:39:22 (-1)",,,(-6),,"01:41:24 (-1)","01:11:56 (-3)","00:45:48 (-1)",
408,"team854 华中科技大学",4,08:20:04,,,,"01:56:03 (-1)",,,(-1),,"03:28:38 (-4)",00:16:09,"00:39:14 (-1)",
409,"team081 东北师范大学",4,08:20:17,,,,"03:10:25 (-5)",,,,(-2),"01:39:12 (-1)","00:25:05 (-1)",00:45:35,
410,"team979 天津大学",4,08:22:48,,,,02:27:09,,,,,"03:32:21 (-3)",00:15:44,"00:47:34 (-1)",
411,"team724 西安电子科技大学",4,08:23:08,,,,"02:42:49 (-3)",,,,,"01:34:16 (-1)","00:29:08 (-1)","00:56:55 (-3)",
412,"team949 华东理工大学",4,08:23:20,,,,"03:02:12 (-3)",,,(-4),,01:19:05,"00:43:26 (-4)",00:58:37,
413,"team646 南京信息工程大学",4,08:27:00,,,,03:19:05,,,(-2),,"02:33:43 (-3)","00:15:32 (-1)",00:58:40,
414,"team650 西南科技大学",4,08:31:17,,,,"02:16:16 (-8)",(-110),,,(-1),01:29:39,00:08:21,"00:57:01 (-3)",
415,"team246 中国计量大学",4,08:31:33,,,,"02:38:43 (-2)",,,,,"01:33:19 (-1)",00:16:10,"01:43:21 (-4)",
416,"team566 重庆大学",4,08:34:42,,,,01:47:47,,,(-1),,"02:31:01 (-3)","00:22:51 (-2)","01:13:03 (-3)",
417,"team135 浙大宁波理工学院",4,08:34:58,,,,"04:05:06 (-4)",,,(-10),,01:59:36,00:17:39,00:52:37,
418,"team190 广东工业大学",4,08:35:25,,,,"02:15:01 (-5)",,,(-4),,"01:07:47 (-4)",00:07:36,"01:05:01 (-3)",
419,"team373 浙大城市学院",4,08:35:56,,,,"02:28:51 (-2)",,,(-2),,01:46:37,"00:31:57 (-2)","01:08:31 (-4)",
420,"team975 天津大学",4,08:37:56,,,,03:20:17,,,,,"02:49:53 (-2)","00:13:54 (-1)",01:13:52,
421,"team714 吉林大学",4,08:38:06,,,,"02:27:04 (-1)",,,(-1),,"01:49:14 (-2)","00:37:56 (-1)","01:23:52 (-3)",
422,"team053 东北大学",4,08:46:12,,,,01:25:46,,,(-4),,"02:57:04 (-9)","00:16:47 (-1)","00:26:35 (-1)",
423,"team711 吉林大学",4,08:49:18,,,,"01:58:52 (-3)",(-1),,,,"01:34:28 (-7)",00:36:25,"00:39:33 (-2)",
424,"team821 南京邮电大学",4,08:51:02,,,,"02:16:24 (-1)",,,(-1),,"03:04:47 (-5)",00:10:58,"00:58:53 (-1)",
425,"team041 东北农业大学",4,08:51:41,,,,01:43:49,,,,,"02:17:39 (-6)",00:14:58,"00:55:15 (-5)",
426,"team641 南京信息工程大学",4,08:52:01,,,,02:11:37,,,,,"02:49:12 (-2)","00:32:41 (-1)","00:58:31 (-4)",
427,"team589 福州大学",4,08:55:59,,,,02:44:31,,,,,"02:11:24 (-8)",00:13:32,"00:46:32 (-1)",
428,"team186 广东工业大学",4,08:56:17,,,,"02:04:25 (-2)",,,(-1),,"02:35:11 (-3)","00:17:03 (-1)","01:39:38 (-1)",
429,"team636 南阳理工学院",4,08:57:11,,,,"03:22:22 (-1)",,,,,"02:33:39 (-1)",00:14:48,"01:06:22 (-3)",
430,"team490 山东省烟台市第二中学",4,08:58:02,,,,(-3),,,(-1),"04:50:39 (-6)",01:06:12,00:16:49,00:44:22,
431,"team208 苏州大学",4,09:00:05,,,,"02:12:20 (-1)",,,(-2),,"02:12:16 (-3)","00:14:43 (-1)","01:20:46 (-4)",
432,"team558 上海师范大学",4,09:02:22,,,,02:46:32,,,(-13),,"02:26:52 (-1)",01:03:42,"01:45:16 (-2)",
433,"team870 上海对外经贸大学",4,09:04:22,,,,"01:53:10 (-2)",,,,,"03:33:26 (-3)",00:16:30,"01:21:16 (-1)",
434,"team567 重庆大学",4,09:05:26,,,,02:39:13,,,,,"02:20:25 (-3)","00:28:08 (-1)","01:17:40 (-3)",
435,"team824 南京邮电大学",4,09:06:23,,,,02:32:57,,,,,"03:00:23 (-4)",00:13:49,"01:19:14 (-2)",
436,"team343 南京大学",4,09:07:53,,,,01:39:41,,,,,"04:07:54 (-2)",01:02:07,"00:58:11 (-2)",
437,"team603 郑州轻工业大学",4,09:09:18,,,,"03:34:04 (-2)",,,(-4),,"01:58:02 (-4)",00:13:34,"01:03:38 (-1)",
438,"team161 山东理工大学",4,09:11:20,,,,"02:42:26 (-1)",,,(-3),,"02:10:45 (-3)",00:09:21,"01:08:48 (-5)",
439,"team116 南京外国语学校",4,09:11:33,,,,"03:17:39 (-5)",,,(-6),(-6),"01:51:10 (-1)","00:17:05 (-1)","00:25:39 (-3)",
440,"team959 深圳北理莫斯科大学附属实验中学",4,09:11:44,,,,"03:00:43 (-2)",,,(-8),,"01:09:43 (-5)","00:47:51 (-2)","00:53:27 (-1)",
441,"team498 合肥大学",4,09:13:40,,,,"02:18:51 (-2)",,,,(-3),01:51:56,"01:04:23 (-2)","01:38:30 (-3)",
442,"team527 厦门大学",4,09:15:12,,,,"03:57:21 (-2)",,,,,"01:56:14 (-2)",00:20:33,"01:21:04 (-1)",
443,"team189 广东工业大学",4,09:15:49,,,,"02:54:54 (-3)",,,(-3),,"02:31:00 (-7)",00:10:42,00:19:13,
444,"team317 北京邮电大学",4,09:19:31,,,,"01:33:26 (-1)",,,,,"02:38:55 (-6)",00:49:38,"00:57:32 (-3)",
445,"team207 苏州大学",4,09:19:52,,,,03:09:30,,,,,"02:11:53 (-6)","00:25:25 (-2)",00:53:04,
446,"team098 北京理工大学珠海学院",4,09:20:14,,,,"04:53:58 (-3)",,,,,01:35:10,00:15:52,"00:55:14 (-2)",
447,"team424 中国矿业大学",4,09:20:31,,,,"00:47:04 (-1)",,,,,"03:19:09 (-5)","00:15:58 (-1)","00:58:20 (-5)",
448,"team734 天津工业大学",4,09:24:58,,,,"03:39:17 (-2)",(-14),,,,"02:03:00 (-3)","00:20:40 (-1)","00:42:01 (-2)",
449,"team285 宁波大学",4,09:31:35,,,,"03:57:22 (-2)",,,,,"01:42:51 (-1)","00:53:58 (-1)","00:37:24 (-3)",
450,"team586 福州大学",4,09:33:51,,,,"02:57:26 (-5)",,,(-5),,"02:15:55 (-5)",00:23:14,00:37:16,
451,"team215 浙江理工大学",4,09:34:06,,,,"03:13:47 (-6)",,,,,"02:03:47 (-1)",00:18:14,"00:58:18 (-2)",
452,"team748 北京航空航天大学",4,09:34:19,,,,00:36:10,,,,,"04:59:53 (-6)","00:38:38 (-2)",00:39:38,
453,"team649 西南科技大学",4,09:34:37,,,,"02:56:47 (-9)",(-1),,,,"02:01:31 (-2)",00:16:44,00:39:35,
454,"team814 重庆市育才中学",4,09:37:09,,,,"03:10:39 (-3)",,,,,"02:14:08 (-3)","00:45:39 (-2)",00:46:43,
455,"team334 南京理工大学",4,09:40:25,,,,"02:42:51 (-2)",,,(-1),,"01:56:52 (-3)","00:32:04 (-1)","01:08:38 (-4)",
456,"team973 天津大学",4,09:43:54,,,,"04:05:36 (-5)",,,(-3),,"01:59:53 (-2)",00:27:50,00:50:35,
457,"team701 中南大学",4,09:44:35,,,,"01:58:39 (-1)",,,,,"03:44:10 (-7)",00:22:21,00:59:25,
458,"team782 浙江财经大学",4,09:46:10,,,,02:04:00,,,,,"03:12:33 (-9)","00:11:59 (-1)","00:37:38 (-1)",
459,"team771 上海大学",4,09:48:20,,,,"03:09:05 (-1)",,,,,02:48:38,01:30:38,"01:39:59 (-1)",
460,"team312 北京邮电大学",4,09:54:00,,(-1),,"01:33:01 (-3)",,,(-7),(-1),"02:20:38 (-2)",00:15:28,"02:44:53 (-4)",
461,"team576 南京理工大学",4,09:54:31,,,,"01:56:54 (-3)",(-1),,(-5),,"01:28:01 (-4)","00:53:44 (-5)",01:35:52,
462,"team056 东北大学",4,09:55:03,,,,"01:20:57 (-2)",,,,,"03:30:23 (-8)","00:34:40 (-1)","00:29:03 (-1)",
463,"team461 中南民族大学",4,09:57:08,,,,"03:59:25 (-9)",,,,,01:45:22,00:23:04,00:49:17,
464,"team766 义乌中学",4,10:00:12,,,,"02:42:01 (-4)",,,,,"02:54:56 (-4)",00:20:36,"01:02:39 (-1)",
465,"team252 成都理工大学",4,10:02:01,,,,"03:24:31 (-2)",,,,,"02:48:50 (-2)",00:29:56,"01:38:44 (-1)",
466,"team467 延安大学西安创新学院",4,10:02:55,,,,"03:52:17 (-1)",,,(-4),,"02:56:37 (-2)",00:23:37,01:50:24,
467,"team544 哈尔滨工业大学（威海）",4,10:04:20,,,,"02:44:03 (-2)",,,(-2),(-4),"00:53:54 (-4)","00:12:07 (-2)","01:54:16 (-5)",
468,"team292 宁波大学",4,10:05:41,,,,"02:17:37 (-7)",,,,,"01:48:37 (-7)","00:10:06 (-1)","00:29:21 (-1)",
469,"team214 浙江理工大学",4,10:09:04,,,,"03:16:40 (-1)",,,,,"02:26:55 (-4)",00:17:43,"01:27:46 (-3)",
470,"team492 中国民航大学",4,10:09:20,,,,03:22:17,,,,,01:34:32,00:13:39,"02:58:52 (-6)",
471,"team543 哈尔滨工业大学（威海）",4,10:10:25,,,,"03:11:03 (-1)",,,,,"02:06:56 (-2)","00:43:48 (-2)","01:08:38 (-4)",
472,"team731 天津工业大学",4,10:13:39,,,,"03:04:31 (-1)",,,,,"02:26:42 (-4)",00:37:49,"01:44:37 (-2)",
473,"team836 南京邮电大学",4,10:16:46,,,,"04:11:44 (-7)",,,,,"01:34:45 (-1)","00:24:06 (-1)","00:46:11 (-1)",
474,"team448 西安电子科技大学",4,10:18:27,,,,"01:49:13 (-1)",,,,,"02:21:13 (-7)","00:26:23 (-2)","01:21:38 (-3)",
475,"team460 中南民族大学",4,10:20:47,,,,"03:47:00 (-2)",,,,,"02:47:01 (-6)",00:13:02,"00:33:44 (-1)",
476,"team113 南京外国语学校",4,10:23:41,,,,"02:53:18 (-3)",,,(-6),,"00:44:29 (-5)",00:13:22,"01:12:32 (-8)",
477,"team281 宁波大学",4,10:23:48,,,,"01:16:23 (-2)",,,(-13),,"01:59:45 (-9)","00:13:59 (-2)","00:53:41 (-5)",
478,"team192 广东工业大学",4,10:25:53,,,,"03:20:07 (-6)",,,(-5),,"03:19:59 (-2)",00:10:18,00:55:29,
479,"team525 厦门大学",4,10:29:12,,,,"04:01:55 (-4)",,,(-5),,"01:58:36 (-3)",00:15:22,"00:33:19 (-4)",
480,"team318 北京邮电大学",4,10:30:27,,,,"03:50:52 (-4)",,,,,"02:18:14 (-2)",00:14:39,"01:06:42 (-3)",
481,"team514 浙江科技大学",4,10:30:57,,,,"04:29:25 (-2)",,,,,"02:52:25 (-5)",00:30:18,00:18:49,
482,"team183 广东工业大学",4,10:31:37,,,,"03:35:31 (-2)",,,,,02:28:25,"00:44:45 (-2)","01:42:56 (-2)",
483,"team968 香港科技大学（广州）",4,10:32:46,(-8),,,04:31:22,,,(-6),,03:57:02,"00:20:50 (-1)","01:03:32 (-1)",
484,"team409 厦门双十中学",4,10:39:27,,,,01:22:58,,,,,"04:22:04 (-8)","00:23:14 (-1)","00:51:11 (-2)",
485,"team549 武汉纺织大学",4,10:39:59,,,,"04:02:51 (-6)",,,,,"01:18:22 (-3)","00:13:35 (-1)","00:45:11 (-3)",
486,"team913 广西大学",4,10:43:22,,,,"03:40:19 (-3)",,,,,"02:53:32 (-1)","00:21:25 (-1)","01:28:06 (-2)",
487,"team401 哈尔滨理工大学",4,10:43:33,,,,"03:59:39 (-1)",,,,,"01:51:55 (-2)","00:11:02 (-1)","01:20:57 (-6)",
488,"team164 山东理工大学",4,10:44:20,,,,"02:25:16 (-1)",,,(-6),,"03:06:35 (-5)","00:17:48 (-1)","01:54:41 (-2)",
489,"team084 东北师范大学",4,10:46:23,,,,"03:08:21 (-2)",,,,,"02:23:12 (-4)","00:20:45 (-2)","00:54:05 (-4)",
490,"team792 香港科技大学（广州）",4,10:50:33,,,,"03:28:39 (-5)",,,,,"02:53:47 (-6)",00:29:38,00:18:29,
491,"team889 中国科学技术大学",4,10:57:14,,,,"02:26:35 (-5)",,,,,"03:37:40 (-5)",00:11:47,"00:41:12 (-2)",
492,"team703 中南大学",4,11:01:42,,,,"02:41:51 (-3)",,,,,"03:28:52 (-6)","00:41:00 (-1)","00:29:59 (-1)",
493,"team637 南阳理工学院",4,11:02:04,,,,"03:44:47 (-7)",,,,,"02:57:32 (-2)",00:13:19,01:06:26,
494,"team092 长沙理工大学",4,11:02:37,,,,"02:07:53 (-20)",,,(-5),,01:07:53,"00:11:49 (-1)","00:15:02 (-1)",
495,"team947 浙江中医药大学",4,11:02:49,,,,"02:24:39 (-1)",,,,,"03:17:25 (-6)","00:15:45 (-1)","01:25:00 (-3)",
496,"team173 湖南师范大学",4,11:04:19,,,,"03:30:37 (-3)",,,(-5),,"02:26:57 (-5)","00:14:22 (-1)","01:12:23 (-2)",
497,"team329 山东大学（威海）",4,11:06:46,,,,"03:06:14 (-5)",,,,,"02:22:13 (-5)",00:17:26,"01:00:53 (-3)",
498,"team089 徐州工程学院",4,11:08:44,,,,"02:48:05 (-3)",,,,,"02:13:26 (-5)",00:24:50,"01:22:23 (-5)",
499,"team528 厦门大学",4,11:09:55,,,,01:53:41,,,(-2),,"03:09:14 (-6)","01:12:03 (-4)","00:54:57 (-2)",
500,"team698 武汉大学",4,11:12:18,,,,"04:07:12 (-5)",,,,,"02:39:17 (-2)",00:34:00,01:31:49,
501,"team584 福州大学",4,11:13:18,,,,"02:50:36 (-4)",,,(-3),,"02:02:45 (-2)","00:18:04 (-1)","01:41:53 (-6)",
502,"team784 浙江财经大学",4,11:15:23,,,,"04:11:41 (-1)",,,,,"03:05:42 (-1)",00:10:16,"02:07:44 (-3)",
503,"team977 天津大学",4,11:17:53,,,,"02:29:44 (-4)",,,,,"04:42:53 (-1)",00:38:05,"01:07:11 (-2)",
504,"team791 香港科技大学（广州）",4,11:22:58,,,,"03:55:34 (-2)",,,,,02:47:03,"02:10:02 (-1)","00:50:19 (-2)",
505,"team227 成都信息工程大学",4,11:24:07,,,,"03:23:09 (-6)",,,,,"02:19:45 (-5)",00:17:31,"01:03:42 (-2)",
506,"team705 中南大学",4,11:26:56,,,,"02:38:39 (-4)",,,(-4),,"02:22:03 (-5)",00:10:42,"01:15:32 (-6)",
507,"team706 中南大学",4,11:29:53,,,,"02:48:42 (-9)",,,,,"03:00:07 (-3)",00:42:18,"00:38:46 (-1)",
508,"team1038 浙江师范大学",4,11:31:05,,,,03:15:08,,,,,"03:18:10 (-8)",00:33:51,"01:03:56 (-2)",
509,"team028 武汉大学",4,11:32:40,,,,02:36:52,,,,,"03:53:26 (-3)",00:20:07,"02:02:15 (-5)",
510,"team1025 贵州大学",4,11:35:04,,,,"02:10:36 (-12)",,,(-11),,"02:14:19 (-2)",00:12:49,"00:57:20 (-4)",
511,"team570 湖南工学院",4,11:36:43,,,,"03:17:28 (-7)",,,(-6),,"02:38:17 (-5)",00:08:59,"00:51:59 (-2)",
512,"team912 广西大学",4,11:38:53,,,,"02:09:48 (-4)",,,(-5),,"03:11:34 (-7)",00:12:59,"01:04:32 (-4)",
513,"team319 北京邮电大学",4,11:39:33,,,,01:42:02,,,(-3),(-1),"03:06:00 (-4)","00:51:27 (-6)","01:20:04 (-4)",
514,"team886 河海大学",4,11:41:23,,,,"02:43:07 (-6)",,,,,"03:48:17 (-4)",00:15:36,"00:54:23 (-2)",
515,"team282 宁波大学",4,11:44:38,,,,"01:58:29 (-4)",,,,,"02:56:27 (-5)","00:52:45 (-6)","00:36:57 (-1)",
516,"team548 华南师范大学",4,11:52:14,,,,"03:53:41 (-1)",,,,,"02:40:44 (-5)","00:31:32 (-2)","01:46:17 (-1)",
517,"team992 福建理工大学",4,11:53:08,,,,"03:14:43 (-5)",,,,,"04:00:46 (-5)",00:22:19,00:55:20,
518,"team473 广西师范大学",4,11:55:47,,,,"01:47:38 (-1)",,,(-1),,"02:15:52 (-1)",00:09:33,"02:42:44 (-13)",
519,"team181 广东工业大学",4,12:14:59,,,,01:48:09,(-1),,,,"01:14:54 (-1)","00:15:45 (-1)","02:36:11 (-17)",
520,"team234 长安大学",4,12:19:59,,,,02:04:28,,,,,"02:51:49 (-9)","00:40:02 (-1)","01:23:40 (-6)",
521,"team839 河南理工大学",4,12:20:09,,,,"04:45:28 (-6)",,,,,"02:47:07 (-4)",00:16:14,"00:51:20 (-1)",
522,"team732 天津工业大学",4,12:20:58,,,,02:39:20,,,(-8),,"03:23:47 (-8)",00:33:47,"01:44:04 (-4)",
523,"team187 广东工业大学",4,12:24:29,,,,"02:35:23 (-1)",,,,,"03:45:23 (-5)",00:27:09,"01:56:34 (-5)",
524,"team395 湖南大学",4,12:25:01,,,,"02:41:38 (-13)",,,(-4),,"01:21:25 (-1)","00:32:28 (-3)","00:49:30 (-4)",
525,"team276 浙江工商大学",4,12:27:34,,,,"04:41:18 (-5)",,,(-3),,"03:41:10 (-5)",00:22:09,00:22:57,
526,"team233 长安大学",4,12:29:27,,,,03:20:25,,,,,"03:01:19 (-6)","00:26:55 (-3)","01:20:48 (-4)",
527,"team652 西南科技大学",4,12:32:28,,,,"03:13:14 (-1)",,,(-3),,"03:02:15 (-2)",02:21:04,"02:15:55 (-2)",
528,"team427 中国矿业大学",4,12:32:31,,,,"04:11:02 (-7)",,,,,"02:32:45 (-4)",00:15:03,"01:13:41 (-2)",
529,"team736 天津工业大学",4,12:38:06,,,,"03:49:39 (-5)",,,,,"02:36:04 (-4)",00:16:35,"01:15:48 (-5)",
530,"team988 天津大学",4,12:38:12,,,,"03:00:38 (-4)",,,,,04:21:59,01:43:01,"01:52:34 (-1)",
531,"team387 华南师范大学附属中学",4,12:40:53,,,,,,,"04:33:03 (-11)",,"01:41:51 (-1)","00:13:24 (-1)","01:32:35 (-1)",
532,"team592 南昌理工学院",4,12:46:17,,,,03:22:08,,,,,"04:56:20 (-5)",00:17:32,"01:50:17 (-2)",
533,"team068 浙江工业大学",4,12:54:31,,,,"02:45:54 (-1)",,,(-2),,"03:49:05 (-8)","00:15:53 (-1)","01:43:39 (-3)",
534,"team451 浙江农林大学",4,12:57:18,,,,01:29:02,,,(-7),,"04:04:33 (-16)",00:23:52,"00:59:51 (-2)",
535,"team513 浙江科技大学",4,13:00:10,,,,02:27:11,,,(-1),,"03:41:01 (-15)",00:09:49,"01:02:09 (-2)",
536,"team653 武汉商学院",4,13:05:49,,,,"03:26:30 (-1)",,,,,"01:20:42 (-3)","00:23:46 (-2)","02:54:51 (-9)",
537,"team209 苏州大学",4,13:09:06,,,,"04:28:19 (-5)",,(-1),(-5),,"01:53:15 (-4)","00:27:11 (-3)","01:40:21 (-2)",
538,"team188 广东工业大学",4,13:10:35,,,,"03:05:42 (-3)",,,(-10),,"03:13:16 (-7)",00:13:20,"01:38:17 (-5)",
539,"team283 宁波大学",4,13:10:54,,,,"02:59:47 (-3)",,,,,"03:30:13 (-5)",00:32:28,"01:48:26 (-5)",
540,"team721 吉林大学",4,13:13:44,,,,"03:50:25 (-2)",,,,,"03:27:08 (-4)","00:40:39 (-3)","00:55:32 (-4)",
541,"team059 东北大学",4,13:14:22,,,,"02:00:31 (-2)",,,(-1),,"03:34:17 (-14)","00:31:14 (-2)","00:48:20 (-1)",
542,"team286 宁波大学",4,13:17:19,,,,"04:47:26 (-3)",,,,,01:27:19,00:19:52,"03:42:42 (-6)",
543,"team651 西南科技大学",4,13:17:56,,,,"04:38:58 (-9)",,,,,"01:56:20 (-4)","00:20:25 (-2)","00:42:13 (-2)",
544,"team556 浙江工业职业技术学院",4,13:20:35,,,,"03:28:04 (-2)",,,,,"03:04:17 (-10)",00:17:42,"01:30:32 (-3)",
545,"team458 宁夏大学",4,13:23:47,,,,03:48:13,,,,,"02:46:51 (-8)","00:40:54 (-2)","01:47:49 (-3)",
546,"team429 中国矿业大学",4,13:23:49,,,,"04:11:15 (-5)",,,,,"03:40:37 (-6)","00:19:47 (-1)",01:12:10,
547,"team967 华东理工大学",4,13:31:31,,,,"02:53:18 (-1)",,,,,"04:48:04 (-8)","00:41:05 (-1)",01:49:04,
548,"team133 浙大宁波理工学院",4,13:37:04,,,,04:28:10,,,,,"03:13:57 (-5)","00:31:06 (-4)","01:43:51 (-2)",
549,"team919 广东金融学院",4,13:45:03,,,,"04:15:59 (-6)",,,,,"03:09:24 (-4)",00:10:23,"01:49:17 (-3)",
550,"team375 浙大城市学院",4,13:49:40,,,,"04:22:54 (-3)",,,,,"02:45:50 (-1)","01:36:20 (-4)","02:04:36 (-1)",
551,"team088 徐州工程学院",4,13:49:45,,,,"02:37:39 (-7)",,,,,"03:22:48 (-2)",00:15:14,"01:14:04 (-10)",
552,"team060 绍兴文理学院",4,13:55:31,,,,"04:20:27 (-3)",,,,,"02:59:52 (-5)","00:23:53 (-1)","01:11:19 (-6)",
553,"team785 浙江财经大学",4,13:58:51,,,,"04:23:06 (-4)",,,(-5),,"03:39:29 (-7)",00:25:07,"01:11:09 (-2)",
554,"team144 浙江万里学院",4,13:59:45,,,,"04:48:28 (-2)",,,,,"04:13:52 (-5)",00:21:46,"01:35:39 (-2)",
555,"team254 成都理工大学",4,14:01:58,,,,"04:01:09 (-5)",,,,,"03:17:42 (-5)","00:33:47 (-1)","01:49:20 (-2)",
556,"team662 北方工业大学",4,14:04:40,,,,04:43:53,,,,,"03:29:11 (-2)","01:13:47 (-4)","01:57:49 (-2)",
557,"team978 天津大学",4,14:05:12,,,,"03:11:47 (-6)",,,,,"04:26:56 (-8)",00:22:33,"00:43:56 (-2)",
558,"team864 香港中文大学（深圳）",4,14:05:15,,,,"04:35:06 (-2)",,,,(-1),"02:38:36 (-1)",00:13:29,"02:18:04 (-10)",
559,"team411 中原工学院",4,14:20:25,,,,"03:37:48 (-1)",,,,,"04:03:50 (-6)",00:27:11,"02:11:36 (-5)",
560,"team909 河南农业大学",4,14:29:53,,,,"02:33:15 (-2)",,,,,"02:52:56 (-21)",00:04:44,"00:38:58 (-2)",
561,"team136 浙大宁波理工学院",4,14:33:53,,,,"04:25:11 (-4)",,,,,"03:42:53 (-3)","01:04:41 (-2)","01:41:08 (-2)",
562,"team712 吉林大学",4,14:50:41,,,,"03:06:38 (-1)",,,,,"02:42:17 (-5)",00:15:21,"02:26:25 (-13)",
563,"team828 南京邮电大学",4,14:52:20,,,,"04:13:45 (-5)",,,,,"04:59:09 (-2)","01:02:32 (-1)","01:16:54 (-2)",
564,"team191 广东工业大学",4,14:52:55,,,,"03:15:19 (-2)",,,,,"04:35:26 (-9)","00:28:42 (-1)","01:33:28 (-3)",
565,"team076 上海海洋大学",4,14:53:05,,,,"02:46:03 (-3)",,,,,"02:58:53 (-14)",00:17:29,"00:50:40 (-7)",
566,"team634 南阳理工学院",4,14:53:45,,,,02:45:18,,,,,"04:16:37 (-14)","00:30:33 (-1)","01:21:17 (-3)",
567,"team590 福州大学",4,14:57:55,,,,03:10:13,,,(-3),,"04:04:47 (-1)",00:38:14,"02:44:41 (-12)",
568,"team944 北京科技大学",4,14:57:56,,,,"04:47:53 (-2)",,,,,"03:16:45 (-3)","01:30:24 (-2)","01:42:54 (-4)",
569,"team503 南京航空航天大学",4,14:58:28,,,,04:51:41,,,,,"04:12:00 (-4)",00:21:54,"03:32:53 (-2)",
570,"team835 南京邮电大学",4,15:00:59,,,,03:58:34,,,,,"04:51:58 (-6)",00:15:25,"02:55:02 (-3)",
571,"team969 浙江农林大学",4,15:38:43,,,,"04:49:10 (-3)",,,,,"03:52:50 (-6)","00:18:14 (-1)","02:38:29 (-2)",
572,"team079 安徽农业大学",4,16:01:33,,,,"03:58:25 (-3)",,,(-1),,"02:29:40 (-7)","00:32:37 (-1)","02:20:51 (-9)",
573,"team976 天津大学",4,16:19:47,,,,03:46:15,,,,,"02:46:49 (-9)",00:15:15,"03:11:28 (-10)",
574,"team974 天津大学",4,16:22:20,,,,"04:00:39 (-4)",,,,,"04:26:26 (-7)","00:28:44 (-3)","01:26:31 (-4)",
575,"team639 厦门理工学院",4,16:22:50,,,,"04:00:06 (-6)",,,,,"02:59:13 (-8)",01:03:55,"01:59:36 (-5)",
576,"team374 浙大城市学院",4,16:53:49,,,,"04:05:50 (-4)",,,,,"03:14:53 (-3)","01:28:54 (-3)","02:44:12 (-6)",
577,"team393 湖南大学",4,17:05:32,,,,03:36:15,,,,,"03:29:42 (-5)","02:52:51 (-10)",02:06:44,
578,"team669 长春理工大学",4,17:50:34,,,,"04:31:57 (-5)",,,,,"02:45:58 (-3)",00:08:59,"02:43:40 (-15)",
579,"team529 厦门大学",4,18:23:06,,,,04:37:16,,,,,"04:01:08 (-13)",00:55:24,"01:49:18 (-8)",
580,"team867 常熟理工学院",4,18:38:17,,,,"04:53:41 (-3)",,,,,"04:30:34 (-2)","00:18:52 (-1)","03:15:10 (-11)",
581,"team831 南京邮电大学",4,18:50:47,,,,03:32:59,,,,,"04:55:39 (-14)","01:13:30 (-3)","02:28:39 (-3)",
582,"team453 浙江农林大学",4,19:02:45,,,,"04:27:21 (-1)",,,,,"03:03:44 (-1)","00:26:53 (-2)","04:04:47 (-17)",
583,"team668 长春理工大学",4,19:23:13,,,,"02:29:40 (-1)",,,,,"03:35:53 (-13)","00:26:27 (-3)","01:51:13 (-16)",
584,"team1032 四川省成都市第七中学",4,19:32:29,,,,"02:47:51 (-3)",,,,,"04:16:24 (-29)","00:28:03 (-2)",00:40:11,
585,"team921 南昌大学",4,20:25:48,,,,"01:03:40 (-1)",,,,,"04:52:31 (-30)","00:25:38 (-1)","01:43:59 (-5)",
586,"team219 浙江理工大学",4,20:50:13,,,,"04:28:39 (-8)",,,,,"03:56:33 (-9)","00:43:07 (-1)","01:21:54 (-13)",
587,"team559 上海师范大学",4,22:54:55,,,,"04:28:34 (-5)",,,(-3),,"03:43:41 (-13)","00:18:36 (-1)","03:24:04 (-14)",
588,"team235 长安大学",4,25:00:53,,,,"04:33:48 (-8)",,,,,"03:20:43 (-20)",00:15:35,"01:30:47 (-18)",
589,"team217 浙江理工大学",4,26:06:58,,,,"03:20:02 (-2)",,,,,"03:56:46 (-35)","00:34:44 (-6)","01:55:26 (-6)",
590,"team617 绍兴一中",3,01:22:17,,,,,,,,,00:44:17,00:21:46,00:16:14,
591,"team816 重庆市育才中学",3,02:04:51,,,,(-3),,,(-2),,"00:38:32 (-1)",00:10:12,"00:36:07 (-1)",
592,"team125 南京外国语学校",3,02:59:08,,,,(-1),,,,,"00:18:01 (-1)",00:35:06,"01:06:01 (-2)",
593,"team573 哈尔滨工程大学",3,03:00:39,,,,(-1),,,,,"01:10:50 (-2)",00:14:32,"00:35:17 (-1)",
594,"team719 吉林大学",3,03:07:49,,(-3),,,,,,,01:25:58,"00:32:27 (-1)",00:49:24,
595,"team764 义乌中学",3,03:23:53,,,,(-6),,,,,02:01:39,00:16:23,"00:45:51 (-1)",
596,"team229 天津仁爱学院",3,03:36:11,,,,,,,,,01:35:38,"01:04:30 (-1)",00:36:03,
597,"team437 乐山师范学院",3,04:05:52,,,,"02:03:07 (-1)",,,,,(-8),00:18:03,"00:44:42 (-2)",
598,"team502 南京航空航天大学",3,04:07:25,,,,"01:56:16 (-5)",,,,,,00:09:05,00:22:04,
599,"team074 西北农林科技大学",3,04:07:31,,,,"02:10:29 (-1)",,,,,(-10),00:20:50,"00:56:12 (-1)",
600,"team546 哈尔滨工业大学（威海）",3,04:28:10,,,,"02:37:31 (-1)",,,(-1),,(-4),00:19:54,"00:50:45 (-1)",
601,"team505 南京航空航天大学",3,04:31:39,,,,,,,,,"00:41:29 (-4)","00:31:34 (-1)","00:58:36 (-2)",
602,"team212 浙江理工大学",3,04:49:26,,,,(-5),,,(-24),,"02:00:17 (-3)",00:14:03,"00:55:06 (-2)",
603,"team633 南阳理工学院",3,04:49:32,,,,(-3),,,,,"02:20:13 (-1)","00:22:34 (-1)","01:06:45 (-1)",
604,"team1020 杭州电子科技大学",3,05:02:04,,,,,,,,,02:00:48,01:17:46,"01:03:30 (-2)",
605,"team588 福州大学",3,05:07:42,,,,(-6),,,,,"02:17:58 (-3)",00:18:42,"00:51:02 (-2)",
606,"team826 南京邮电大学",3,05:22:48,,,,03:09:46,,,,,(-4),00:51:45,01:21:17,
607,"team032 中国传媒大学",3,05:41:16,,,,"03:01:34 (-3)",,,,,(-8),00:21:38,"00:58:04 (-1)",
608,"team565 重庆大学",3,05:51:29,,,,(-4),,,(-14),,"02:32:46 (-5)",00:24:02,01:14:41,
609,"team948 浙江中医药大学",3,05:59:09,,,,03:22:01,,,,,(-7),00:43:31,"01:33:37 (-1)",
610,"team643 南京信息工程大学",3,06:12:16,,,,03:18:43,,,,,(-4),00:27:25,"02:06:08 (-1)",
611,"team034 中国传媒大学",3,06:42:09,,,,(-1),,,,,"03:45:25 (-3)",00:16:23,"01:00:21 (-2)",
612,"team1021 云南大学",3,06:44:30,,,,"03:09:55 (-3)",,,,,(-19),"00:28:55 (-1)","01:05:40 (-2)",
613,"team278 河南工程学院",3,06:45:07,,,,(-1),,,,,"02:40:56 (-7)","00:20:59 (-1)","00:43:12 (-1)",
614,"team820 南通大学",3,06:47:59,,,,(-7),,,,,"02:07:15 (-3)",00:14:14,"02:26:30 (-3)",
615,"team883 复旦大学",3,06:50:37,,,,(-1),,,,,02:32:44,01:52:29,"02:05:24 (-1)",
616,"team320 中国地质大学（北京）",3,07:03:41,,,,(-1),,,,,"02:42:20 (-2)",01:27:45,"01:53:36 (-1)",
617,"team026 西南大学",3,07:18:49,,,,(-10),,,,,"01:34:56 (-1)",00:12:29,"02:31:24 (-8)",
618,"team994 东南大学",3,07:31:36,,,,,,,(-6),,"04:06:17 (-8)",00:12:39,00:32:40,
619,"team228 成都信息工程大学",3,07:39:45,,,,"04:21:03 (-5)",,,,,(-4),00:08:28,"01:10:14 (-1)",
620,"team397 安徽大学",3,07:40:57,,,,(-1),,,,,"03:53:19 (-7)",00:12:14,"00:55:24 (-1)",
621,"team410 中原工学院",3,07:43:57,,,,(-8),,,,,"02:45:53 (-3)","00:36:42 (-1)","01:41:22 (-4)",
622,"team290 宁波大学",3,07:47:39,,,,"01:05:26 (-2)",,,,,,"03:39:55 (-2)","00:22:18 (-4)",
623,"team564 重庆大学",3,07:52:17,,,,(-3),,,(-1),,"02:06:54 (-1)","00:55:09 (-5)","01:30:14 (-4)",
624,"team296 南方科技大学",3,07:54:30,,,,(-3),,,,,"03:40:45 (-3)","00:37:52 (-1)","01:15:53 (-3)",
625,"team539 电子科技大学",3,07:58:50,,,,04:09:26,,,,,,00:39:46,"02:29:38 (-2)",
626,"team769 义乌中学",3,08:01:25,,,,"03:40:32 (-1)",,,,,(-8),00:40:44,"02:00:09 (-4)",
627,"team486 河北大学",3,08:08:57,,,,"02:19:20 (-3)",,,,,(-7),"01:00:04 (-1)","02:09:33 (-4)",
628,"team224 大连海事大学",3,08:15:04,,,,"03:29:19 (-3)",,,(-2),,(-7),00:13:43,"01:52:02 (-5)",
629,"team008 绍兴文理学院",3,08:20:08,,,,,,,,,"02:34:17 (-3)",00:05:28,"01:40:23 (-9)",
630,"team868 常熟理工学院",3,08:22:53,,,,(-7),,,,,03:50:47,00:25:59,"03:06:07 (-3)",
631,"team323 中国地质大学（北京）",3,08:34:31,,,,"03:58:33 (-1)",,,,,(-3),"01:16:30 (-1)","01:39:28 (-3)",
632,"team156 杭州医学院",3,08:34:58,,,,"03:33:56 (-8)",,,,,,00:41:17,"01:19:45 (-1)",
633,"team779 山东建筑大学",3,08:36:54,,,,(-7),,,,,"04:03:30 (-10)","00:24:33 (-1)",00:28:51,
634,"team433 中国矿业大学",3,08:58:40,,,,(-14),,,,,"02:59:11 (-6)","00:54:56 (-3)","01:24:33 (-2)",
635,"team389 华南师范大学附属中学",3,09:04:59,,,,(-8),,,,,01:08:35,"01:26:10 (-1)","02:50:14 (-10)",
636,"team077 宁波职业技术学院",3,09:15:33,,,,"02:38:48 (-1)",,,,,(-5),"02:18:04 (-2)","02:18:41 (-3)",
637,"team605 河南工程学院",3,09:23:31,,,,(-2),,,,,"04:35:14 (-6)",00:10:23,"01:37:54 (-3)",
638,"team009 哈尔滨理工大学荣成校区",3,09:27:52,,,,(-20),,,,,"03:56:07 (-6)",00:06:01,"01:45:44 (-5)",
639,"team439 乐山师范学院",3,09:31:28,,,,"04:14:50 (-2)",,,,,(-2),00:19:27,"02:17:11 (-6)",
640,"team216 浙江理工大学",3,09:32:37,,,,"04:33:26 (-7)",,,,,(-14),"00:22:00 (-1)","00:57:11 (-3)",
641,"team322 中国地质大学（北京）",3,09:35:15,,,,03:49:50,,,,,(-17),"01:08:43 (-5)","02:16:42 (-2)",
642,"team412 中原工学院",3,09:56:03,,,,"04:07:14 (-1)",,,,,(-9),"01:45:34 (-2)","02:23:15 (-2)",
643,"team494 中国民航大学",3,09:57:45,,,,(-8),,,,,"04:10:57 (-3)","01:21:12 (-2)","01:45:36 (-3)",
644,"team361 浙江育英职业技术学院",3,09:59:02,,,,(-13),,,,,"02:30:00 (-1)",00:23:15,"03:25:47 (-10)",
645,"team405 哈尔滨理工大学",3,10:02:26,,,,(-2),,,,,03:01:18,"00:52:08 (-2)","02:09:00 (-10)",
646,"team627 华东师范大学",3,10:07:57,,,,,,,,,"03:29:30 (-1)",03:05:35,03:12:52,
647,"team825 南京邮电大学",3,10:20:09,,,,(-5),,,,,"04:42:26 (-5)","00:57:50 (-2)","01:39:53 (-2)",
648,"team472 广西师范大学",3,10:26:49,,,,"04:52:45 (-4)",,,,,,00:13:18,"03:00:46 (-3)",
649,"team595 中国矿业大学徐海学院",3,10:34:04,,,,04:36:26,,,,,(-6),"00:47:39 (-1)","03:09:59 (-5)",
650,"team925 南昌大学",3,10:35:23,,,,02:30:24,,,,,,"03:40:54 (-4)","02:44:05 (-1)",
651,"team097 上海电力大学",3,11:00:25,,,,(-1),,,,,"04:22:16 (-6)",00:33:53,"03:24:16 (-2)",
652,"team348 南京大学",3,11:09:29,,,,(-3),,,,,"04:48:39 (-4)","01:04:36 (-2)","02:36:14 (-2)",
653,"team887 河海大学",3,11:21:00,,,,,,,,,"03:49:06 (-5)",03:02:11,02:49:43,
654,"team376 浙大城市学院",3,11:21:03,,,,(-6),,,,,"03:35:17 (-2)","00:31:50 (-1)","04:33:56 (-5)",
655,"team924 南昌大学",3,11:23:15,,,,,,,,,"04:33:34 (-9)","00:16:19 (-1)","01:53:22 (-4)",
656,"team729 南华大学",3,11:26:01,,,,,,,,,"02:31:15 (-3)","01:16:44 (-1)","03:38:02 (-8)",
657,"team508 南京航空航天大学",3,11:28:22,,,,,,,,,02:58:55,"03:15:35 (-8)","01:53:52 (-2)",
658,"team174 徐州市三十六中",3,11:32:44,,,,"04:41:44 (-4)",,,,,(-1),"00:51:19 (-2)","01:59:41 (-6)",
659,"team488 江苏科技大学",3,11:56:51,,,,(-10),,,,,"04:22:45 (-6)",00:28:37,"02:25:29 (-8)",
660,"team462 中南民族大学",3,12:05:53,,,,,,,,,"04:55:20 (-6)","01:10:29 (-1)","03:00:04 (-2)",
661,"team072 西北农林科技大学",3,12:06:02,,,,"04:26:29 (-6)",,,,,(-13),"00:43:43 (-5)","01:35:50 (-5)",
662,"team168 北京林业大学",3,12:26:26,,,,"04:29:38 (-4)",,,,,(-5),"00:42:59 (-1)","04:13:49 (-4)",
663,"team363 浙江育英职业技术学院",3,13:07:45,,,,"04:20:31 (-1)",,,,,(-8),"00:49:09 (-4)","02:38:05 (-11)",
664,"team093 长沙理工大学",3,13:15:53,,,,(-4),,,,,"03:18:50 (-1)","00:26:55 (-2)","02:30:08 (-18)",
665,"team827 南京邮电大学",3,13:28:47,,,,"04:54:02 (-6)",,,,,(-2),"00:38:48 (-1)","03:15:57 (-7)",
666,"team005 扬州大学",3,13:51:16,,,,,,,,,"04:57:26 (-7)",00:20:08,"03:33:42 (-8)",
667,"team659 重庆工程学院",3,14:11:02,,,,,,,"04:07:30 (-12)",,,"00:16:09 (-3)",04:47:23,
668,"team688 青岛科技大学",3,16:29:15,,,,,,,,,"04:54:42 (-11)","00:30:13 (-5)","02:44:20 (-9)",
669,"team628 华东师范大学",3,18:57:34,,,,,,,,,"04:13:22 (-35)","00:54:42 (-2)","01:09:30 (-1)",
670,"team515 浙江科技大学",2,00:52:46,,,,,,,,,(-3),00:14:14,00:38:32,
671,"team1232 山河大学",2,01:25:45,,,,,,,,,(-4),00:26:14,"00:39:31 (-1)",
672,"team892 安阳工学院",2,01:40:13,,,,,,,(-1),,,00:31:23,"00:48:50 (-1)",
673,"team899 四川大学",2,01:42:06,,,,,,,,,,00:12:20,"00:29:46 (-3)",
674,"team568 重庆大学",2,01:42:54,,,,,,,,,(-8),"00:28:19 (-1)",00:54:35,
675,"team815 重庆市育才中学",2,01:45:41,,,,,,,,,,00:20:23,"00:45:18 (-2)",
676,"team359 华中农业大学",2,01:46:45,,,,,,,,,,00:29:55,01:16:50,
677,"team793 香港科技大学（广州）",2,02:02:50,,,,(-8),,,,,(-8),"00:22:33 (-1)","01:00:17 (-1)",
678,"team071 西北农林科技大学",2,02:03:16,,,,,,,,,,00:16:40,"01:06:36 (-2)",
679,"team813 重庆市育才中学",2,02:07:34,,,,,,,,,,00:14:50,"00:32:44 (-4)",
680,"team687 青岛科技大学",2,02:10:32,,,,,,,,,(-9),"00:31:55 (-1)","00:58:37 (-1)",
681,"team025 华东理工大学",2,02:15:24,,,,,,,,,,00:16:03,"01:39:21 (-1)",
682,"team496 中国民航大学",2,02:21:13,,,,,,,,,(-13),00:18:38,"01:42:35 (-1)",
683,"team894 安阳工学院",2,02:24:24,,,,(-2),,,,,(-5),00:21:20,"01:43:04 (-1)",
684,"team1056 中山市中山纪念中学",2,02:40:28,,,,,,,,,(-2),00:25:43,"01:14:45 (-3)",
685,"team176 莆田学院",2,02:40:58,,,,,,,,,(-4),00:27:58,"01:13:00 (-3)",
686,"team023 华东理工大学",2,02:47:36,,,,,,,,,(-7),00:37:48,"01:09:48 (-3)",
687,"team015 华东师范大学",2,02:51:23,,,,(-1),,,,,(-8),00:13:52,"00:57:31 (-5)",
688,"team470 广西师范大学",2,02:51:37,,,,(-6),,,,,(-11),00:30:09,"01:21:28 (-3)",
689,"team1019 杭州电子科技大学",2,02:52:30,,,,,,,,,,"00:47:30 (-1)","01:25:00 (-1)",
690,"team517 浙江科技大学",2,02:56:25,,,,,,,,,(-4),"00:18:35 (-1)","01:17:50 (-3)",
691,"team396 安徽大学",2,03:01:12,,,,,,,,,,"00:20:04 (-3)","00:41:08 (-3)",
692,"team299 南方科技大学",2,03:02:42,,,,(-2),,,,,(-15),"01:29:44 (-1)","00:52:58 (-1)",
693,"team499 哈尔滨理工大学",2,03:18:47,,,,,,,,,02:19:27,00:59:20,(-14),
694,"team587 福州大学",2,03:18:56,,,,(-5),,,,,(-11),"00:19:41 (-1)","01:19:15 (-4)",
695,"team244 衡水学院",2,03:31:46,,,,,,,,,,"00:38:47 (-1)","01:32:59 (-3)",
696,"team718 吉林大学",2,03:34:47,,,,,,,,,(-8),00:37:58,"00:56:49 (-6)",
697,"team378 浙大城市学院",2,03:35:46,,,,(-3),,,,,(-7),"00:57:27 (-1)","01:58:19 (-1)",
698,"team915 南昌理工学院",2,03:38:15,,,,(-6),,,,,,00:33:16,"02:24:59 (-2)",
699,"team203 江西财经大学",2,03:47:06,,,,,,,,,,00:25:12,"02:21:54 (-3)",
700,"team047 阜阳师范大学",2,03:53:58,,,,,,,,,(-12),"00:23:37 (-1)","02:30:21 (-2)",
701,"team834 南京邮电大学",2,04:01:40,,,,,,,,,(-10),"00:54:16 (-2)","01:47:24 (-2)",
702,"team538 电子科技大学",2,04:04:42,,,,(-6),,,,,(-12),"00:28:08 (-2)","01:36:34 (-4)",
703,"team809 北师大香港浸会大学",2,04:13:13,,,,(-4),,,,,(-7),"00:23:38 (-1)","02:09:35 (-4)",
704,"team145 浙江万里学院",2,04:13:27,,,,,,,,,,00:36:33,"02:16:54 (-4)",
705,"team134 浙大宁波理工学院",2,04:15:51,,,,(-3),,,,,,"00:59:56 (-3)","01:55:55 (-1)",
706,"team046 阜阳师范大学",2,04:16:33,,,,(-6),,,,,(-4),00:16:38,"02:19:55 (-5)",
707,"team201 江西财经大学",2,04:20:14,,,,03:41:42,,,,,(-2),00:38:32,(-6),
708,"team832 南京邮电大学",2,04:25:36,,,,,,,,,,00:17:30,"03:48:06 (-1)",
709,"team526 厦门大学",2,04:29:24,,,,(-5),,,,,(-3),01:26:29,"02:22:55 (-2)",
710,"team789 西南石油大学",2,04:41:07,,,,,,,,,(-7),00:12:58,"01:48:09 (-8)",
711,"team756 华中师范大学",2,04:48:19,,,,,,,,,(-3),"01:07:28 (-3)","02:20:51 (-1)",
712,"team735 天津工业大学",2,04:56:54,,,,(-3),,,,,(-15),"01:50:36 (-2)","01:46:18 (-2)",
713,"team471 广西师范大学",2,05:05:30,,,,,,,,,(-5),"01:07:51 (-1)","02:17:39 (-4)",
714,"team249 成都东软学院",2,05:08:30,,,,,,,,,,"00:15:48 (-1)","03:32:42 (-3)",
715,"team398 安徽大学",2,05:15:12,,,,,,,,,"02:46:21 (-3)",01:28:51,(-7),
716,"team937 东北大学秦皇岛分校",2,05:20:50,,,,,,,,,,"01:20:38 (-1)","03:20:12 (-1)",
717,"team430 中国矿业大学",2,05:22:17,,,,(-3),,,,,,"01:02:44 (-1)","03:39:33 (-1)",
718,"team693 华东师范大学",2,05:26:04,,,,,,,,,(-4),"01:20:41 (-2)","02:45:23 (-2)",
719,"team594 南昌理工学院",2,05:35:15,,,,"03:28:20 (-1)",,,,,(-4),"01:06:55 (-2)",(-7),
720,"team518 浙江科技大学",2,05:37:48,,,,,,,,,(-4),00:36:10,"03:01:38 (-6)",
721,"team893 安阳工学院",2,05:38:23,,,,"03:22:57 (-4)",,,,,,"00:35:26 (-1)",(-12),
722,"team895 安阳工学院",2,05:43:30,,,,,,,,,,00:16:08,"04:07:22 (-4)",
723,"team099 北京理工大学珠海学院",2,05:45:50,,,,,,,,,,00:17:55,"04:07:55 (-4)",
724,"team812 重庆市育才中学",2,05:48:54,,,,,,,,,(-4),02:49:04,02:59:50,
725,"team362 浙江育英职业技术学院",2,06:02:03,,,,(-14),,,,,(-21),00:15:42,"02:26:21 (-10)",
726,"team606 河南工程学院",2,06:11:51,,,,,,,,,(-16),"00:35:10 (-2)","02:16:41 (-8)",
727,"team243 山西大学",2,06:21:10,,,,(-4),,,,,(-7),"01:40:30 (-3)","02:20:40 (-4)",
728,"team465 中南民族大学",2,06:35:53,,,,(-11),,,,,(-11),"01:41:44 (-1)","02:14:09 (-7)",
729,"team896 安阳工学院",2,06:36:56,,,,(-3),,,,,,"00:26:34 (-3)","02:50:22 (-7)",
730,"team085 东北师范大学",2,06:49:49,,,,(-4),,,,,(-4),"01:51:26 (-1)","03:18:23 (-4)",
731,"team914 南昌理工学院",2,06:57:56,,,,,,,,,(-10),01:10:51,"03:27:05 (-7)",
732,"team1234 山河大学",2,07:03:34,,,,,,,,,(-5),02:43:45,"03:39:49 (-2)",
733,"team1018 杭州电子科技大学",2,07:04:47,,,,,,,,,(-9),"02:30:12 (-1)","03:14:35 (-3)",
734,"team516 浙江科技大学",2,07:07:45,,,,,,,,,(-10),"02:24:54 (-2)","02:02:51 (-6)",
735,"team1026 北京建筑大学",2,07:10:07,,,,,,,,,"04:15:16 (-7)",00:34:51,(-9),
736,"team690 西南民族大学",2,07:23:46,,,,04:09:40,,,,,(-9),03:14:06,(-11),
737,"team591 福州大学",2,07:34:34,,,,,,,,,,"03:49:02 (-4)","01:45:32 (-2)",
738,"team407 哈尔滨理工大学",2,07:42:26,,,,,,,,,(-5),"02:26:02 (-1)","03:56:24 (-3)",
739,"team596 中国矿业大学徐海学院",2,07:42:41,,,,(-10),,,,,(-18),"01:58:37 (-5)","01:44:04 (-7)",
740,"team086 东北师范大学",2,07:43:04,,,,,,,,,(-5),"01:37:47 (-3)","02:45:17 (-7)",
741,"team195 华侨大学",2,07:47:15,,,,,,,,,(-8),"00:43:46 (-2)","03:43:29 (-8)",
742,"team344 南京大学",2,07:51:49,,,,,,,,,,"02:20:09 (-5)",03:51:40,
743,"team730 湖南信息学院",2,07:54:55,,,,(-2),,,,,"02:44:00 (-5)","03:10:55 (-1)",(-18),
744,"team288 宁波大学",2,07:54:56,,,,,,,,,,"02:33:19 (-1)","04:01:37 (-3)",
745,"team654 武汉商学院",2,08:12:19,,,,,,,,,,00:21:50,"02:30:29 (-16)",
746,"team788 浙江财经大学",2,08:16:34,,,,,,,,,,"03:33:11 (-3)","03:23:23 (-1)",
747,"team795 香港科技大学（广州）",2,08:22:13,,,,(-1),,,,,,"02:51:07 (-4)","02:11:06 (-6)",
748,"team920 南昌大学",2,08:40:16,,,,(-4),,,,,(-7),"01:09:28 (-6)","02:50:48 (-8)",
749,"team324 中国地质大学（北京）",2,08:41:14,,,,(-2),,,,,(-9),"01:44:30 (-4)","03:56:44 (-5)",
750,"team922 南昌大学",2,08:45:19,,,,,,,,,(-1),"02:22:47 (-4)","03:42:32 (-4)",
751,"team403 哈尔滨理工大学",2,08:51:27,,,,,,,,,,00:41:10,"04:50:17 (-10)",
752,"team794 香港科技大学（广州）",2,08:58:06,,,,,,,,,(-2),"02:32:13 (-5)","02:05:53 (-8)",
753,"team279 河南工程学院",2,09:06:09,,,,,,,,,,00:31:33,"03:34:36 (-15)",
754,"team850 湖南中医药大学",2,09:21:24,,,,,,,,,,"02:02:47 (-4)","04:38:37 (-4)",
755,"team267 北京理工大学",2,09:38:41,,,,,,,,,,"03:39:38 (-4)","04:19:03 (-1)",
756,"team463 中南民族大学",2,09:47:17,,,,,,,,,(-11),"00:48:40 (-4)","04:58:37 (-8)",
757,"team928 北华大学",2,09:57:21,,,,,,,,,(-9),"00:10:56 (-2)","04:46:25 (-13)",
758,"team447 西安电子科技大学",2,09:57:28,,"04:29:36 (-7)",,"02:07:52 (-3)",,,,,,,,
759,"team007 绍兴文理学院",2,09:59:24,,,,,,,,,,"00:52:02 (-1)","03:27:22 (-16)",
760,"team287 宁波大学",2,10:10:09,,,,,,,,,,"02:58:19 (-8)","03:51:50 (-2)",
761,"team829 南京邮电大学",2,11:39:31,,,,,,,,,,"04:07:56 (-9)","03:51:35 (-2)",
762,"team360 浙江育英职业技术学院",2,12:56:17,,,,,,,,,(-9),"00:32:36 (-3)","03:23:41 (-24)",
763,"team833 南京邮电大学",2,14:41:07,,,,,,,,,,"02:21:08 (-6)","03:39:59 (-20)",
764,"team394 湖南大学",2,15:12:23,,,,(-8),,,,,(-6),"02:46:17 (-13)","04:46:06 (-10)",
765,"team436 乐山师范学院",2,19:50:33,,,,(-2),,,,,,"00:28:26 (-2)","03:42:07 (-45)",
766,"team045 阜阳师范大学",1,00:09:10,,,,,,,,,,00:09:10,(-12),
767,"team819 江苏大学",1,00:10:43,,,,,,,,,(-2),00:10:43,(-12),
768,"team1027 北京建筑大学",1,00:11:54,,,,,,,,,,00:11:54,(-7),
769,"team847 哈尔滨工业大学（威海）",1,00:17:03,,,,,,,,,,00:17:03,(-3),
770,"team846 重庆移通学院",1,00:18:37,,,,,,,,,,00:18:37,(-1),
771,"team557 浙江工业职业技术学院",1,00:19:46,,,,,,,,,,00:19:46,(-3),
772,"team196 韶关学院",1,00:23:35,,,,,,,,,,00:23:35,(-5),
773,"team327 安徽工业大学",1,00:24:03,,,,,,,,,,00:24:03,(-7),
774,"team280 武汉大学",1,00:28:41,,,,,,,,,(-6),00:28:41,(-1),
775,"team786 浙江财经大学",1,00:29:32,,,,(-3),,,,,(-5),00:29:32,(-4),
776,"team742 华南师范大学",1,00:31:51,,,,,,,,,,00:31:51,(-1),
777,"team897 安阳工学院",1,00:33:51,,,,,,,,,(-2),00:33:51,(-9),
778,"team663 北方工业大学",1,00:37:27,,,,,,,,,,00:37:27,(-1),
779,"team506 南京航空航天大学",1,00:37:43,,,,,,,,,,"00:17:43 (-1)",,
780,"team774 上海大学",1,00:40:31,,,,(-1),,,,,(-7),00:40:31,(-2),
781,"team664 北方工业大学",1,00:41:25,,,,,,,,,,"00:21:25 (-1)",(-3),
782,"team545 哈尔滨工业大学（威海）",1,00:42:32,,,,,,,,,,"00:22:32 (-1)",(-12),
783,"team849 湖南中医药大学",1,00:44:19,,,,,,,,,,"00:24:19 (-1)",(-10),
784,"team578 华侨大学",1,00:45:38,,,,,,,,,,00:45:38,(-1),
785,"team073 西北农林科技大学",1,00:47:00,,,,,,,,,,00:47:00,(-5),
786,"team377 浙大城市学院",1,00:52:50,,,,,,,,,,"00:32:50 (-1)",(-4),
787,"team495 中国民航大学",1,01:01:51,,,,,,,,,(-4),"00:41:51 (-1)",(-17),
788,"team552 清华大学",1,01:08:08,,,,,,,,,,,"00:28:08 (-2)",
789,"team707 嘉兴大学",1,01:10:53,,,,,,,,,,01:10:53,(-9),
790,"team775 西安交通大学",1,01:13:22,,,,,,,,,,01:13:22,(-1),
791,"team744 华南师范大学",1,01:15:40,,,,,,,,,,"00:55:40 (-1)",(-2),
792,"team434 中国矿业大学",1,01:16:52,,,,(-3),,,,,,"00:56:52 (-1)",(-2),
793,"team630 山东财经大学",1,01:17:25,,,,,,,,,,"00:57:25 (-1)",(-1),
794,"team238 南京邮电大学通达学院",1,01:18:36,,,,,,,,,,"00:38:36 (-2)",(-3),
795,"team848 湖南中医药大学",1,01:21:22,,,,,,,,,,"01:01:22 (-1)",(-4),
796,"team354 南京大学",1,01:22:10,,,,,,,,,,"01:02:10 (-1)",(-1),
797,"team898 安阳工学院",1,01:24:52,,,,,,,,,,"00:24:52 (-3)",(-9),
798,"team509 南京航空航天大学",1,01:34:20,,,,,,,,,,"01:14:20 (-1)",(-4),
799,"team990 山东大学",1,01:35:28,,,,,,,,(-7),,"01:15:28 (-1)",(-2),
800,"team808 北师大香港浸会大学",1,01:35:45,,,,,,,,,,"00:55:45 (-2)",,
801,"team236 阜阳师范大学",1,01:37:56,,,,,,,,,,"01:17:56 (-1)",(-2),
802,"team519 浙江科技大学",1,01:38:56,,,,,,,,,,,"00:38:56 (-3)",
803,"team810 北师大香港浸会大学",1,02:03:43,,,,(-8),,,,,,"01:23:43 (-2)",(-8),
804,"team818 江西师范大学青山湖校区",1,02:22:45,,,,,,,,,,"02:02:45 (-1)",,
805,"team094 安徽财经大学",1,02:29:49,,,,,,,,,,02:29:49,(-6),
806,"team040 南京中医药大学",1,02:30:36,,,,,,,,,,"00:50:36 (-5)",,
807,"team421 中国矿业大学",1,02:49:10,,,,,,,,,,02:49:10,(-1),
808,"team510 南京航空航天大学",1,02:56:21,,,,,,,,,,"02:16:21 (-2)",,
809,"team024 华东理工大学",1,03:02:51,,,,,,,,,,"02:22:51 (-2)",(-1),
810,"team507 南京航空航天大学",1,03:12:16,,,,,,,,,(-2),"01:32:16 (-5)",(-6),
811,"team607 河南工程学院",1,03:36:26,,,,,,,,,,(-8),"02:56:26 (-2)",
812,"team741 华南师范大学",1,03:42:13,,,,,,,,,,"02:22:13 (-4)",(-1),
813,"team608 河南工程学院",1,03:47:04,,,,,,,,,,"02:07:04 (-5)",(-2),
814,"team574 哈尔滨工程大学",1,03:52:28,,,,,,,,,,"01:12:28 (-8)",(-1),
815,"team504 南京航空航天大学",1,04:26:53,,,,,,,,,,"02:26:53 (-6)",,
816,"team1059 中山市中山纪念中学",1,04:37:48,,,,,,,,,,04:37:48,,
817,"team477 杭州电子科技大学信息工程学院",1,04:41:12,,,,,,,,,(-4),"03:21:12 (-4)",(-1),
818,"team837 南京邮电大学",1,05:00:52,,,,,,,,,(-2),"02:00:52 (-9)",(-3),
819,"team240 南京邮电大学通达学院",1,05:09:47,,,,,,,,,,"03:29:47 (-5)",(-1),
820,"team522 广州华商学院",1,05:44:38,,,,,,,,,,"03:04:38 (-8)",,
821,"team665 北方工业大学",1,05:47:57,,,,,,,,,,"01:47:57 (-12)",(-7),
822,"team019 中国海洋大学",1,05:49:39,,,,,,,,,,"03:09:39 (-8)",(-8),
823,"team940 长沙师范学院",1,05:51:02,,(-1),,,,,,,,"03:31:02 (-7)",(-1),
824,"team464 中南民族大学",1,06:29:11,,,,,,,,,,(-7),"02:49:11 (-11)",
825,"team787 浙江财经大学",1,06:45:46,,,,(-2),,,,,,(-4),"04:25:46 (-7)",
826,"team830 南京邮电大学",1,06:57:47,,,,,,,,,,(-5),"04:57:47 (-6)",
827,"team289 宁波大学",1,07:07:49,,,,,,,,,,"04:47:49 (-7)",(-3),
828,"team466 中南民族大学",1,07:11:59,,,,,,,,,,"04:31:59 (-8)",(-4),
829,"team468 延安大学西安创新学院",1,08:49:26,,,,,,,,,,(-2),"04:49:26 (-12)",
830,"team003 华东师范大学第二附属中学",0,00:00:00,,,,,,,,,,,,
831,"team006 绍兴文理学院",0,00:00:00,,,,,,,,,,,,
832,"team017 广州市铁一中学",0,00:00:00,,,,,,,,,,,,
833,"team018 中国海洋大学",0,00:00:00,,,,,,,,,,,,
834,"team020 中国海洋大学",0,00:00:00,,,,,,,,,,,,
835,"team022 华东理工大学",0,00:00:00,,,,,,,,,,,,
836,"team027 大连东软信息学院",0,00:00:00,,,,,,,,,,,,
837,"team029 温州商学院",0,00:00:00,,,,,,,,,,,,
838,"team036 郑州外国语学校",0,00:00:00,,,,,,,,,,,,
839,"team037 四川省绵阳南山中学",0,00:00:00,,,,,,,,,,,,
840,"team038 浙江经贸职业技术学院",0,00:00:00,,,,,,,,,,,,
841,"team048 蒙自市第一高级中学",0,00:00:00,,,,,,,,,,,,
842,"team049 蒙自市第一高级中学",0,00:00:00,,,,,,,,,,,,
843,"team069 南京工程学院",0,00:00:00,,,,,,,,,,,,
844,"team070 安徽师范大学",0,00:00:00,,,,,,,,,,,,
845,"team075 西北农林科技大学",0,00:00:00,,,,,,,,,,,,
846,"team096 绍兴职业技术学院",0,00:00:00,,,,,,,,,,(-6),,
847,"team100 北京理工大学珠海学院",0,00:00:00,,,,,,,,,,,,
848,"team1000 金策工业综合大学",0,00:00:00,,,,,,,,,,,,
849,"team101 南京外国语学校",0,00:00:00,,,,,,,,,,,,
850,"team1015 杭州电子科技大学",0,00:00:00,,,,,,,,,,,,
851,"team1016 杭州电子科技大学",0,00:00:00,,,,,,,,,,,,
852,"team1017 杭州电子科技大学",0,00:00:00,,,,,,,,,,,,
853,"team1022 云南大学",0,00:00:00,,,,,,,,,,,,
854,"team1023 上海建桥学院",0,00:00:00,,,,,,,,,,,,
855,"team1030 金陵中学河西分校",0,00:00:00,,,,,,,,,,,,
856,"team1033 香港大学",0,00:00:00,,,,,,,,,,,,
857,"team1037 西安交通大学",0,00:00:00,,,,,,,,,,,,
858,"team1044 东南大学",0,00:00:00,,,,,,,,,,,,
859,"team1045 东南大学",0,00:00:00,,,,,,,,,,,,
860,"team1047 湖南师范大学附属中学",0,00:00:00,,,,,,,,,,,,
861,"team1048 湖南师范大学附属中学",0,00:00:00,,,,,,,,,,,,
862,"team1052 中山市中山纪念中学",0,00:00:00,,,,,,,,,,,,
863,"team1055 中山市中山纪念中学",0,00:00:00,,,,,,,,,,,,
864,"team1063 中山市中山纪念中学",0,00:00:00,,,,,,,,,,,,
865,"team1064 中山市中山纪念中学",0,00:00:00,,,,,,,,,,,,
866,"team1065 中山市中山纪念中学",0,00:00:00,,,,,,,,,,,,
867,"team1066 中山市中山纪念中学",0,00:00:00,,,,,,,,,,,,
868,"team1067 中山市中山纪念中学",0,00:00:00,,,,,,,,,,,,
869,"team1068 山河大学",0,00:00:00,,,,,,,,,,,,
870,"team1069 山河大学",0,00:00:00,,,,,,,,,,,,
871,"team1070 山河大学",0,00:00:00,,,,,,,,,,,,
872,"team1071 山河大学",0,00:00:00,,,,,,,,,,,,
873,"team1072 山河大学",0,00:00:00,,,,,,,,,,,,
874,"team1073 山河大学",0,00:00:00,,,,,,,,,,,,
875,"team1074 山河大学",0,00:00:00,,,,,,,,,,,,
876,"team1075 山河大学",0,00:00:00,,,,,,,,,,,,
877,"team1076 山河大学",0,00:00:00,,,,,,,,,,,,
878,"team1077 山河大学",0,00:00:00,,,,,,,,,,,,
879,"team1078 山河大学",0,00:00:00,,,,,,,,,,,,
880,"team1079 山河大学",0,00:00:00,,,,,,,,,,,,
881,"team1080 山河大学",0,00:00:00,,,,,,,,,,,,
882,"team1081 山河大学",0,00:00:00,,,,,,,,,,,,
883,"team1082 山河大学",0,00:00:00,,,,,,,,,,,,
884,"team1083 山河大学",0,00:00:00,,,,,,,,,,,,
885,"team1084 山河大学",0,00:00:00,,,,,,,,,,,,
886,"team1085 山河大学",0,00:00:00,,,,,,,,,,,,
887,"team1086 山河大学",0,00:00:00,,,,,,,,,,,,
888,"team1087 山河大学",0,00:00:00,,,,,,,,,,,,
889,"team1088 山河大学",0,00:00:00,,,,,,,,,,,,
890,"team1089 山河大学",0,00:00:00,,,,,,,,,,,,
891,"team1090 山河大学",0,00:00:00,,,,,,,,,,,,
892,"team1091 山河大学",0,00:00:00,,,,,,,,,,,,
893,"team1092 山河大学",0,00:00:00,,,,,,,,,,,,
894,"team1093 山河大学",0,00:00:00,,,,,,,,,,,,
895,"team1094 山河大学",0,00:00:00,,,,,,,,,,,,
896,"team1095 山河大学",0,00:00:00,,,,,,,,,,,,
897,"team1096 山河大学",0,00:00:00,,,,,,,,,,,,
898,"team1097 山河大学",0,00:00:00,,,,,,,,,,,,
899,"team1098 山河大学",0,00:00:00,,,,,,,,,,,,
900,"team1099 山河大学",0,00:00:00,,,,,,,,,,,,
901,"team1100 山河大学",0,00:00:00,,,,,,,,,,,,
902,"team1101 山河大学",0,00:00:00,,,,,,,,,,,,
903,"team1102 山河大学",0,00:00:00,,,,,,,,,,,,
904,"team1103 山河大学",0,00:00:00,,,,,,,,,,,,
905,"team1104 山河大学",0,00:00:00,,,,,,,,,,,,
906,"team1105 山河大学",0,00:00:00,,,,,,,,,,,,
907,"team1106 山河大学",0,00:00:00,,,,,,,,,,,,
908,"team1107 山河大学",0,00:00:00,,,,,,,,,,,,
909,"team1108 山河大学",0,00:00:00,,,,,,,,,,,,
910,"team1109 山河大学",0,00:00:00,,,,,,,,,,,,
911,"team1110 山河大学",0,00:00:00,,,,,,,,,,,,
912,"team1111 山河大学",0,00:00:00,,,,,,,,,,,,
913,"team1112 山河大学",0,00:00:00,,,,,,,,,,,,
914,"team1113 山河大学",0,00:00:00,,,,,,,,,,,,
915,"team1114 山河大学",0,00:00:00,,,,,,,,,,,,
916,"team1115 山河大学",0,00:00:00,,,,,,,,,,,,
917,"team1116 山河大学",0,00:00:00,,,,,,,,,,,,
918,"team1117 山河大学",0,00:00:00,,,,,,,,,,,,
919,"team1118 山河大学",0,00:00:00,,,,,,,,,,,,
920,"team1119 山河大学",0,00:00:00,,,,,,,,,,,,
921,"team1120 山河大学",0,00:00:00,,,,,,,,,,,,
922,"team1121 山河大学",0,00:00:00,,,,,,,,,,,,
923,"team1122 山河大学",0,00:00:00,,,,,,,,,,,,
924,"team1123 山河大学",0,00:00:00,,,,,,,,,,,,
925,"team1124 山河大学",0,00:00:00,,,,,,,,,,,,
926,"team1125 山河大学",0,00:00:00,,,,,,,,,,,,
927,"team1126 山河大学",0,00:00:00,,,,,,,,,,,,
928,"team1127 山河大学",0,00:00:00,,,,,,,,,,,,
929,"team1128 山河大学",0,00:00:00,,,,,,,,,,,,
930,"team1129 山河大学",0,00:00:00,,,,,,,,,,,,
931,"team1130 山河大学",0,00:00:00,,,,,,,,,,,,
932,"team1131 山河大学",0,00:00:00,,,,,,,,,,,,
933,"team1132 山河大学",0,00:00:00,,,,,,,,,,,,
934,"team1133 山河大学",0,00:00:00,,,,,,,,,,,,
935,"team1134 山河大学",0,00:00:00,,,,,,,,,,,,
936,"team1135 山河大学",0,00:00:00,,,,,,,,,,,,
937,"team1136 山河大学",0,00:00:00,,,,,,,,,,,,
938,"team1137 山河大学",0,00:00:00,,,,,,,,,,,,
939,"team1138 山河大学",0,00:00:00,,,,,,,,,,,,
940,"team1139 山河大学",0,00:00:00,,,,,,,,,,,,
941,"team114 南京外国语学校",0,00:00:00,,,,,,,,,,,,
942,"team1140 山河大学",0,00:00:00,,,,,,,,,,,,
943,"team1141 山河大学",0,00:00:00,,,,,,,,,,,,
944,"team1142 山河大学",0,00:00:00,,,,,,,,,,,,
945,"team1143 山河大学",0,00:00:00,,,,,,,,,,,,
946,"team1144 山河大学",0,00:00:00,,,,,,,,,,,,
947,"team1145 山河大学",0,00:00:00,,,,,,,,,,,,
948,"team1146 山河大学",0,00:00:00,,,,,,,,,,,,
949,"team1147 山河大学",0,00:00:00,,,,,,,,,,,,
950,"team1148 山河大学",0,00:00:00,,,,,,,,,,,,
951,"team1149 山河大学",0,00:00:00,,,,,,,,,,,,
952,"team1150 山河大学",0,00:00:00,,,,,,,,,,,,
953,"team1151 山河大学",0,00:00:00,,,,,,,,,,,,
954,"team1152 山河大学",0,00:00:00,,,,,,,,,,,,
955,"team1153 山河大学",0,00:00:00,,,,,,,,,,,,
956,"team1154 山河大学",0,00:00:00,,,,,,,,,,,,
957,"team1155 山河大学",0,00:00:00,,,,,,,,,,,,
958,"team1156 山河大学",0,00:00:00,,,,,,,,,,,,
959,"team1157 山河大学",0,00:00:00,,,,,,,,,,,,
960,"team1158 山河大学",0,00:00:00,,,,,,,,,,,,
961,"team1159 山河大学",0,00:00:00,,,,,,,,,,,,
962,"team1160 山河大学",0,00:00:00,,,,,,,,,,,,
963,"team1161 山河大学",0,00:00:00,,,,,,,,,,,,
964,"team1162 山河大学",0,00:00:00,,,,,,,,,,,,
965,"team1163 山河大学",0,00:00:00,,,,,,,,,,,,
966,"team1164 山河大学",0,00:00:00,,,,,,,,,,,,
967,"team1165 山河大学",0,00:00:00,,,,,,,,,,,,
968,"team1166 山河大学",0,00:00:00,,,,,,,,,,,,
969,"team1167 山河大学",0,00:00:00,,,,,,,,,,,,
970,"team1168 山河大学",0,00:00:00,,,,,,,,,,,,
971,"team1169 山河大学",0,00:00:00,,,,,,,,,,,,
972,"team1170 山河大学",0,00:00:00,,,,,,,,,,,,
973,"team1171 山河大学",0,00:00:00,,,,,,,,,,,,
974,"team1172 山河大学",0,00:00:00,,,,,,,,,,,,
975,"team1173 山河大学",0,00:00:00,,,,,,,,,,,,
976,"team1174 山河大学",0,00:00:00,,,,,,,,,,,,
977,"team1175 山河大学",0,00:00:00,,,,,,,,,,,,
978,"team1176 山河大学",0,00:00:00,,,,,,,,,,,,
979,"team1177 山河大学",0,00:00:00,,,,,,,,,,,,
980,"team1178 山河大学",0,00:00:00,,,,,,,,,,,,
981,"team1179 山河大学",0,00:00:00,,,,,,,,,,,,
982,"team1180 山河大学",0,00:00:00,,,,,,,,,,,,
983,"team1181 山河大学",0,00:00:00,,,,,,,,,,,,
984,"team1182 山河大学",0,00:00:00,,,,,,,,,,,,
985,"team1183 山河大学",0,00:00:00,,,,,,,,,,,,
986,"team1184 山河大学",0,00:00:00,,,,,,,,,,,,
987,"team1185 山河大学",0,00:00:00,,,,,,,,,,,,
988,"team1186 山河大学",0,00:00:00,,,,,,,,,,,,
989,"team1187 山河大学",0,00:00:00,,,,,,,,,,,,
990,"team1188 山河大学",0,00:00:00,,,,,,,,,,,,
991,"team1189 山河大学",0,00:00:00,,,,,,,,,,,,
992,"team119 南京外国语学校",0,00:00:00,,,,,,,,,,,,
993,"team1190 山河大学",0,00:00:00,,,,,,,,,,,,
994,"team1191 山河大学",0,00:00:00,,,,,,,,,,,,
995,"team1192 山河大学",0,00:00:00,,,,,,,,,,,,
996,"team1193 山河大学",0,00:00:00,,,,,,,,,,,,
997,"team1194 山河大学",0,00:00:00,,,,,,,,,,,,
998,"team1195 山河大学",0,00:00:00,,,,,,,,,,,,
999,"team1196 山河大学",0,00:00:00,,,,,,,,,,,,
1000,"team1197 山河大学",0,00:00:00,,,,,,,,,,,,
1001,"team1198 山河大学",0,00:00:00,,,,,,,,,,,,
1002,"team1199 山河大学",0,00:00:00,,,,,,,,,,,,
1003,"team120 南京外国语学校",0,00:00:00,,,,,,,,,,,,
1004,"team1200 山河大学",0,00:00:00,,,,,,,,,,,,
1005,"team1201 山河大学",0,00:00:00,,,,,,,,,,,,
1006,"team1202 山河大学",0,00:00:00,,,,,,,,,,,,
1007,"team1203 山河大学",0,00:00:00,,,,,,,,,,,,
1008,"team1204 山河大学",0,00:00:00,,,,,,,,,,,,
1009,"team1205 山河大学",0,00:00:00,,,,,,,,,,,,
1010,"team1206 山河大学",0,00:00:00,,,,,,,,,,,,
1011,"team1207 山河大学",0,00:00:00,,,,,,,,,,,,
1012,"team1208 山河大学",0,00:00:00,,,,,,,,,,,,
1013,"team1209 山河大学",0,00:00:00,,,,,,,,,,,,
1014,"team1210 山河大学",0,00:00:00,,,,,,,,,,,,
1015,"team1211 山河大学",0,00:00:00,,,,,,,,,,,,
1016,"team1212 山河大学",0,00:00:00,,,,,,,,,,,,
1017,"team1213 山河大学",0,00:00:00,,,,,,,,,,,,
1018,"team1214 山河大学",0,00:00:00,,,,,,,,,,,,
1019,"team1215 山河大学",0,00:00:00,,,,,,,,,,,,
1020,"team1216 山河大学",0,00:00:00,,,,,,,,,,,,
1021,"team1217 山河大学",0,00:00:00,,,,,,,,,,,,
1022,"team1218 山河大学",0,00:00:00,,,,,,,,,,,,
1023,"team1219 山河大学",0,00:00:00,,,,,,,,,,,,
1024,"team1220 山河大学",0,00:00:00,,,,,,,,,,,,
1025,"team1221 山河大学",0,00:00:00,,,,,,,,,,,,
1026,"team1222 山河大学",0,00:00:00,,,,,,,,,,,,
1027,"team1223 山河大学",0,00:00:00,,,,,,,,,,,,
1028,"team1224 山河大学",0,00:00:00,,,,,,,,,,,,
1029,"team1225 山河大学",0,00:00:00,,,,,,,,,,,,
1030,"team1226 山河大学",0,00:00:00,,,,,,,,,,,,
1031,"team1227 山河大学",0,00:00:00,,,,,,,,,,,,
1032,"team1228 山河大学",0,00:00:00,,,,,,,,,,,,
1033,"team1229 山河大学",0,00:00:00,,,,,,,,,,,,
1034,"team1230 山河大学",0,00:00:00,,,,,,,,,,,,
1035,"team1233 山河大学",0,00:00:00,,,,,,,,,,,,
1036,"team126 南京外国语学校",0,00:00:00,,,,,,,,,,,,
1037,"team127 南京外国语学校",0,00:00:00,,,,,,,,,,,,
1038,"team129 南京外国语学校",0,00:00:00,,,,,,,,,,,,
1039,"team137 浙大宁波理工学院",0,00:00:00,,,,,,,,,,,,
1040,"team138 山河大学宁波分校",0,00:00:00,,,,,,,,,,,,
1041,"team139 山河大学宁波分校",0,00:00:00,,,,(-1),,,,,,(-4),(-3),
1042,"team140 山河大学宁波分校",0,00:00:00,,,,,,,,,,(-3),,
1043,"team149 郑州大学",0,00:00:00,,,,,,,,,,,,
1044,"team151 清华大学附属中学",0,00:00:00,,,,,,,,,,,,
1045,"team152 清华大学附属中学",0,00:00:00,,,,,,,,,,,,
1046,"team153 清华大学附属中学",0,00:00:00,,,,,,,,,,,,
1047,"team154 清华大学附属中学",0,00:00:00,,,,,,,,,,,,
1048,"team155 清华大学附属中学",0,00:00:00,,,,,,,,,,,,
1049,"team157 杭州医学院",0,00:00:00,,,,,,,,,,(-3),,
1050,"team158 杭州医学院",0,00:00:00,,,,,,,,,,,,
1051,"team159 杭州医学院",0,00:00:00,,,,,,,,,,(-8),,
1052,"team177 莆田学院",0,00:00:00,,,,,,,,,,,,
1053,"team178 莆田学院",0,00:00:00,,,,,,,,,,,,
1054,"team179 莆田学院",0,00:00:00,,,,,,,,,,(-2),(-1),
1055,"team194 东莞中学松山湖学校",0,00:00:00,,,,,,,,,,,,
1056,"team197 韶关学院",0,00:00:00,,,,,,,,,,(-11),,
1057,"team198 韶关学院",0,00:00:00,,,,,,,,,,,,
1058,"team199 华北理工大学",0,00:00:00,,,,,,,,,,,,
1059,"team202 江西财经大学",0,00:00:00,,,,,,,,,,,,
1060,"team204 武汉职业技术学院",0,00:00:00,,,,,,,,,,,,
1061,"team223 大连海事大学",0,00:00:00,,,,,,,,,,,,
1062,"team225 大连海事大学",0,00:00:00,,,,,,,,,,,,
1063,"team230 内蒙古大学",0,00:00:00,,,,,,,,,,,,
1064,"team231 内蒙古大学",0,00:00:00,,,,,,,,,,,,
1065,"team232 内蒙古大学",0,00:00:00,,,,,,,,,,,,
1066,"team237 阜阳师范大学",0,00:00:00,,,,,,,,,,(-14),(-4),
1067,"team239 南京邮电大学通达学院",0,00:00:00,,,,,,,,,,(-8),,
1068,"team241 香港大学",0,00:00:00,,,,,,,,,,,,
1069,"team242 广西科技大学",0,00:00:00,,,,,,,,,,,,
1070,"team247 合肥工业大学",0,00:00:00,,,,,,,,,,,,
1071,"team248 合肥工业大学",0,00:00:00,,,,,,,,,,,,
1072,"team250 钉耙编程-小学组-林骏烨",0,00:00:00,,,,,,,,,,,,
1073,"team251 成都理工大学",0,00:00:00,,,,,,,,,,,,
1074,"team255 成都理工大学",0,00:00:00,,,,,,,,,,,,
1075,"team260 北京理工大学",0,00:00:00,,,,,,,,,,,,
1076,"team261 北京理工大学",0,00:00:00,,,,,,,,,,,,
1077,"team291 宁波大学",0,00:00:00,,,,,,,,,,,,
1078,"team326 安徽工业大学",0,00:00:00,,,,,,,,,,,,
1079,"team328 钉耙编程-小学组-余正霖",0,00:00:00,,,,,,,,,,,,
1080,"team330 同济大学",0,00:00:00,,,,,,,,,,,,
1081,"team332 同济大学",0,00:00:00,,,,,,,,,,,,
1082,"team338 湖南理工学院",0,00:00:00,,,,,,,,,,,,
1083,"team339 北京信息科技大学",0,00:00:00,,,,,,,,,,,,
1084,"team340 钉耙编程-小学组-高墨锴",0,00:00:00,,,,,,,,,,,,
1085,"team345 南京大学",0,00:00:00,,,,,,,,,,(-4),,
1086,"team346 南京大学",0,00:00:00,,,,,,,,,,(-3),,
1087,"team349 南京大学",0,00:00:00,,,,,,,,,,(-2),(-2),
1088,"team350 南京大学",0,00:00:00,,,,,,,,,,,,
1089,"team351 南京大学",0,00:00:00,,,,,,,,,,(-5),,
1090,"team352 南京大学",0,00:00:00,,,,,,,,,,(-1),,
1091,"team353 南京大学",0,00:00:00,,,,,,,,,,,,
1092,"team355 华中农业大学",0,00:00:00,,,,,,,,,,,,
1093,"team357 华中农业大学",0,00:00:00,,,,,,,,,,,,
1094,"team379 浙大城市学院",0,00:00:00,,,,,,,,,,,,
1095,"team388 华南师范大学附属中学",0,00:00:00,,,,,,,,,,,,
1096,"team399 安徽大学",0,00:00:00,,,,,,,,,,,,
1097,"team400 安徽大学",0,00:00:00,,,,,,,,,(-5),,(-9),
1098,"team402 哈尔滨理工大学",0,00:00:00,,,,,,,,,,,,
1099,"team404 哈尔滨理工大学",0,00:00:00,,,,,,,,,,,,
1100,"team406 哈尔滨理工大学",0,00:00:00,,,,,,,,,,,,
1101,"team414 深圳中学",0,00:00:00,,,,,,,,,,,,
1102,"team422 中国矿业大学",0,00:00:00,,,,,,,,,,,,
1103,"team423 中国矿业大学",0,00:00:00,,,,,,,,,,,,
1104,"team425 中国矿业大学",0,00:00:00,,,,,,,,,,,,
1105,"team426 中国矿业大学",0,00:00:00,,,,,,,,,,,,
1106,"team428 中国矿业大学",0,00:00:00,,,,,,,,,,,,
1107,"team431 中国矿业大学",0,00:00:00,,,,,,,,,,,,
1108,"team432 中国矿业大学",0,00:00:00,,,,,,,,,,(-3),(-2),
1109,"team435 中国矿业大学",0,00:00:00,,,,,,,,,,,,
1110,"team438 乐山师范学院",0,00:00:00,,,,,,,,,(-12),,,
1111,"team440 乐山师范学院",0,00:00:00,,,,,,,,,,,,
1112,"team444 杭州师范大学",0,00:00:00,,,,,,,,,,,,
1113,"team445 杭州师范大学",0,00:00:00,,,,,,,,,,,,
1114,"team474 广西师范大学",0,00:00:00,,,,,,,,,,,,
1115,"team475 广西师范大学",0,00:00:00,,,,,,,,,,,(-3),
1116,"team476 杭州电子科技大学信息工程学院",0,00:00:00,,,,,,,,,,,,
1117,"team479 长沙市长郡中学",0,00:00:00,,,,,,,,,,,,
1118,"team480 长沙市长郡中学",0,00:00:00,,,,,,,,,,,,
1119,"team489 太原科技大学",0,00:00:00,,,,,,,,,,,,
1120,"team520 广州华商学院",0,00:00:00,,,,,,,,,,(-1),(-1),
1121,"team521 广州华商学院",0,00:00:00,,,,,,,,,,,,
1122,"team523 广州华商学院",0,00:00:00,,,,,,,,,,,,
1123,"team531 电子科技大学",0,00:00:00,,,,,,,,,,,,
1124,"team532 电子科技大学",0,00:00:00,,,,,,,,,,,,
1125,"team533 电子科技大学",0,00:00:00,,,,,,,,,,,,
1126,"team534 电子科技大学",0,00:00:00,,,,,,,,,,,,
1127,"team535 电子科技大学",0,00:00:00,,,,,,,,,,,,
1128,"team536 电子科技大学",0,00:00:00,,,,,,,,,,,,
1129,"team537 电子科技大学",0,00:00:00,,,,,,,,,,,,
1130,"team540 北京交通大学",0,00:00:00,,,,,,,,,,,,
1131,"team542 北京交通大学",0,00:00:00,,,,,,,,,,,,
1132,"team554 清华大学",0,00:00:00,,,,,,,,,,,,
1133,"team560 重庆大学",0,00:00:00,,,,,,,,,,,,
1134,"team569 重庆大学",0,00:00:00,,,,,,,,,,(-6),,
1135,"team575 河南工业大学",0,00:00:00,,,,,,,,,,,,
1136,"team579 北京工业大学",0,00:00:00,,,,,,,,,,,,
1137,"team593 南昌理工学院",0,00:00:00,,,,,,,,,,,,
1138,"team597 中国矿业大学徐海学院",0,00:00:00,,,,,,,,,,,,
1139,"team599 温州中学",0,00:00:00,,,,,,,,,,,,
1140,"team600 温州中学",0,00:00:00,,,,,,,,,,,,
1141,"team604 郑州轻工业大学",0,00:00:00,,,,,,,,,,,,
1142,"team609 河南工程学院",0,00:00:00,,,,,,,,,,(-2),(-1),
1143,"team610 湖南工程学院",0,00:00:00,,,,,,,,,,,,
1144,"team612 衢州第二中学",0,00:00:00,,,,,,,,,,,,
1145,"team613 衢州第二中学",0,00:00:00,,,,,,,,,,,,
1146,"team614 衢州第二中学",0,00:00:00,,,,,,,,,,,,
1147,"team615 衢州第二中学",0,00:00:00,,,,,,,,,,,,
1148,"team616 衢州第二中学",0,00:00:00,,,,,,,,,,,,
1149,"team618 绍兴一中",0,00:00:00,,,,,,,,,,,,
1150,"team623 海亮高级中学",0,00:00:00,,,,,,,,,,,,
1151,"team625 海亮高级中学",0,00:00:00,,,,,,,,,,,,
1152,"team626 海亮高级中学",0,00:00:00,,,,,,,,,,,,
1153,"team629 山东财经大学",0,00:00:00,,,,,,,,,,(-2),,
1154,"team655 武汉商学院",0,00:00:00,,,,,,,,,,,(-3),
1155,"team656 武汉商学院",0,00:00:00,,,,,,,,,,,,
1156,"team670 余姚高风中学",0,00:00:00,,,,,,,,,,,,
1157,"team672 南京大学",0,00:00:00,,,,,,,,,,,,
1158,"team677 南京大学",0,00:00:00,,,,,,,,,,,,
1159,"team680 南京大学",0,00:00:00,,,,,,,,,,,,
1160,"team683 南京大学",0,00:00:00,,,,,,,,,,,,
1161,"team689 西南民族大学",0,00:00:00,,,,,,,,,,,,
1162,"team696 华东师范大学",0,00:00:00,,,,,,,,,,,,
1163,"team697 黑龙江大学",0,00:00:00,,,,,,,,,,,,
1164,"team700 山东理工大学",0,00:00:00,,,,,,,,,,,,
1165,"team708 北京师范大学珠海校区",0,00:00:00,,,,,,,,,,(-1),,
1166,"team709 北京师范大学珠海校区",0,00:00:00,,,,,,,,,,,,
1167,"team710 北京师范大学珠海校区",0,00:00:00,,,,,,,,,,,,
1168,"team716 吉林大学",0,00:00:00,,,,,,,,,,,,
1169,"team722 吉林大学",0,00:00:00,,,,,,,,,,,,
1170,"team726 广西民族大学",0,00:00:00,,,,,,,,,(-1),(-2),,
1171,"team727 青岛大学",0,00:00:00,,,,,,,,,,,,
1172,"team737 余姚中学",0,00:00:00,,,,,,,,,,,,
1173,"team738 余姚中学",0,00:00:00,,,,,,,,,,,,
1174,"team743 华南师范大学",0,00:00:00,,,,,,,,,,(-3),,
1175,"team745 华南师范大学",0,00:00:00,,,,,,,,,,(-1),,
1176,"team746 华南师范大学",0,00:00:00,,,,,,,,,,,(-2),
1177,"team747 北京航空航天大学",0,00:00:00,,,,,,,,,,,,
1178,"team751 华中师范大学",0,00:00:00,,,,,,,,,,,,
1179,"team760 义乌中学",0,00:00:00,,,,,,,,,,,,
1180,"team767 义乌中学",0,00:00:00,,,,,,,,,,,,
1181,"team768 义乌中学",0,00:00:00,,,,,,,,,,,,
1182,"team776 西安交通大学",0,00:00:00,,,,,,,,,,,,
1183,"team777 西安交通大学",0,00:00:00,,,,,,,,,,,,
1184,"team778 西安交通大学",0,00:00:00,,,,,,,,,,,,
1185,"team780 浙江传媒学院",0,00:00:00,,,,,,,,,,,,
1186,"team796 香港科技大学（广州）",0,00:00:00,,,,,,,,,,,,
1187,"team797 香港科技大学（广州）",0,00:00:00,,,,,,,,,,,,
1188,"team799 西南财经大学",0,00:00:00,,,,,,,,,,(-1),,
1189,"team800 西南财经大学",0,00:00:00,,,,,,,,,,,,
1190,"team805 哈尔滨工业大学",0,00:00:00,,,,,,,,,,,,
1191,"team806 哈尔滨工业大学",0,00:00:00,,,,,,,,,,,,
1192,"team857 华中科技大学",0,00:00:00,,,,,,,,,,,,
1193,"team858 华中科技大学",0,00:00:00,,,,,,,,,,,,
1194,"team859 华中科技大学",0,00:00:00,,,,,,,,,,,,
1195,"team860 华中科技大学",0,00:00:00,,,,,,,,,,,,
1196,"team861 华中科技大学",0,00:00:00,,,,,,,,,(-2),,,
1197,"team862 华中科技大学",0,00:00:00,,,,,,,,,,,,
1198,"team863 香港中文大学（深圳）",0,00:00:00,,,,,,,,,,,,
1199,"team865 香港中文大学（深圳）",0,00:00:00,,,,,,,,,,,,
1200,"team900 南京市第一中学",0,00:00:00,,,,,,,,,,,,
1201,"team903 北京大学",0,00:00:00,,,,,,,,,,,,
1202,"team904 北京大学",0,00:00:00,,,,,,,,,,,,
1203,"team905 北京大学",0,00:00:00,,,,,,,,,,,,
1204,"team916 南昌理工学院",0,00:00:00,,,,,,,,,,(-4),,
1205,"team917 南昌理工学院",0,00:00:00,,,,,,,,,,(-6),,
1206,"team918 南昌理工学院",0,00:00:00,,,,,,,,,,(-2),(-1),
1207,"team926 福州大学",0,00:00:00,,,,,,,,,,,,
1208,"team929 北华大学",0,00:00:00,,,,,,,,,,,,
1209,"team930 北华大学",0,00:00:00,,,,,,,,,,,,
1210,"team931 哈尔滨工业大学",0,00:00:00,,,,,,,,,,,,
1211,"team932 哈尔滨工业大学",0,00:00:00,,,,,,,,,,,,
1212,"team933 哈尔滨工业大学",0,00:00:00,,,,,,,,,,,,
1213,"team934 哈尔滨工业大学",0,00:00:00,,,,,,,,,,,,
1214,"team935 哈尔滨工业大学",0,00:00:00,,,,,,,,,,,,
1215,"team938 东北大学秦皇岛分校",0,00:00:00,,,,,,,,,,,,
1216,"team941 国防科技大学",0,00:00:00,,,,,,,,,,,,
1217,"team946 钉耙编程-小学组-许子璇",0,00:00:00,,,,,,,,,,,,
1218,"team950 杭州第二中学",0,00:00:00,,,,,,,,,,,,
1219,"team951 杭州第二中学",0,00:00:00,,,,,,,,,,,,
1220,"team958 杭州第二中学",0,00:00:00,,,,,,,,,,,,
1221,"team980 天津大学",0,00:00:00,,,,,,,,,,,,
1222,"team981 天津大学",0,00:00:00,,,,,,,,,,,,
1223,"team982 天津大学",0,00:00:00,,,,,,,,,,,,
1224,"team983 天津大学",0,00:00:00,,,,,,,,,,,,
1225,"team984 天津大学",0,00:00:00,,,,,,,,,,,,
1226,"team985 天津大学",0,00:00:00,,,,,,,,,,,,
1227,"team986 天津大学",0,00:00:00,,,,,,,,,,,,
1228,"team987 天津大学",0,00:00:00,,,,,,,,,,,,
1229,"team989 天津大学",0,00:00:00,,,,,,,,,,,,
1230,"team995 东南大学",0,00:00:00,,,,,,,,,,,,
1231,"team996 金策工业综合大学",0,00:00:00,,,,,,,,,,,,
1232,"team997 金策工业综合大学",0,00:00:00,,,,,,,,,,,,
1233,"team998 金策工业综合大学",0,00:00:00,,,,,,,,,,,,
1234,"team999 金策工业综合大学",0,00:00:00,,,,,,,,,,,,
